{"color":"#123456","name":"doi:10.5061/dryad.rn6gg","data":{"node_source":"Dryad","node_type":"Dataset","doi":"doi:10.5061/dryad.rn6gg"},"children":[{"color":"#336699","name":"Mark Blows","data":{"first_name":"Mark","university_url":"http://researchers.uq.edu.au/researcher/594","email":"","social":"","last_name":"Blows","node_source":"Dryad","node_type":"Researcher","have_grants":true,"full_name":"Mark Blows"},"children":[{"color":"#FF4D4D","name":"Genetical Genomics of Mutational Variance","data":{"research_area":"GENETICS","research_area_code":"2702","application_year":2008,"purl":"http://purl.org/au-research/grants/arc/FT0991525","description":"Mutation is the ultimate source of all genetic variation. Understanding the nature of mutation, its frequency, the distribution of effects, and the forces of selection that remove mutational load from populations is therefore a central concern of genetics. The accumulation of mutational load both in endangered species and human populations, where the natural forces of selection tend not to operate, has the potential to create serious problems in these populations. The goal is to understand what types of mutations are targeted by selection at the gene expression level and why.","scientific_title":"Genetical Genomics of Mutational Variance","start_year":2009,"arc_grant_id":"FT0991525","total_budget":"$891,200","arc_scheme":"FT","node_source":"ARC","node_type":"Grant"},"children":[{"color":"#0066FF","name":"The University of Queensland","data":{"source":"ARC","name":"The University of Queensland","state":"Qld","node_source":"ARC","node_type":"Institution"},"class":"Institution","self":"http://localhost:7474/db/data/node/89183","size":1}],"class":"Grant","self":"http://localhost:7474/db/data/node/137259","size":1},{"color":"#FF4D4D","name":"The Geometry of Genetic Limits to Evolutionary Change","data":{"research_area":"GENETICS","research_area_code":"2702","application_year":2009,"purl":"http://purl.org/au-research/grants/arc/DP1093474","description":"Genetic limits to evolutionary change are a fundamental issue for plant and animal improvement, as well as understanding how natural populations may respond to human-induced changes such as habitat degradation and climate change.  Because we still know very little about how genetic variation is distributed among the multiple traits that are likely to respond to selection in such circumstances, we have no way of directly measuring the evolutionary potential of any natural population.  In this proposal, we develop the theory, statistical tools, and experimental designs to investigate the nature and prevalence of these multivariate genetic constraints.","scientific_title":"The Geometry of Genetic Limits to Evolutionary Change","start_year":2010,"arc_grant_id":"DP1093474","total_budget":"$630,000","arc_scheme":"DP","node_source":"ARC","node_type":"Grant"},"children":[{"color":"#0066FF","name":"The University of Queensland","data":{"source":"ARC","name":"The University of Queensland","state":"Qld","node_source":"ARC","node_type":"Institution"},"class":"Institution","self":"http://localhost:7474/db/data/node/89183","size":1}],"class":"Grant","self":"http://localhost:7474/db/data/node/111523","size":1},{"color":"#FF4D4D","name":"Sexual selection and the accumulation of deleterious mutations","data":{"research_area":"ECOLOGY AND EVOLUTION","research_area_code":"2707","application_year":2007,"purl":"http://purl.org/au-research/grants/arc/DP0880159","description":"Mutation is the ultimate source of all genetic variation.  Understanding the nature of mutation, its frequency, the distribution of effects, and the forces of selection that remove mutational load from populations is therefore a central concern of genetics.  The accumulation of mutational load in endangered species and in human populations, where the forces of selection tend not to operate, has the potential to create serious problems. We will determine the efficacy of sexual selection in preventing deleterious mutations from accumulating in populations. This project will provide research training opportunities in quantitative genetics, an enabling discipline in Biology.","scientific_title":"Sexual selection and the accumulation of deleterious mutations","start_year":2008,"arc_grant_id":"DP0880159","total_budget":"$473,500","arc_scheme":"DP","node_source":"ARC","node_type":"Grant"},"children":[{"color":"#0066FF","name":"The University of Queensland","data":{"source":"ARC","name":"The University of Queensland","state":"Qld","node_source":"ARC","node_type":"Institution"},"class":"Institution","self":"http://localhost:7474/db/data/node/89183","size":1}],"class":"Grant","self":"http://localhost:7474/db/data/node/109105","size":1},{"color":"#FF4D4D","name":"The Genomic Dimensionality of the Response to Natural Selection","data":{"research_area":"GENETICS","research_area_code":"2702","application_year":2006,"purl":"http://purl.org/au-research/grants/arc/DP0769995","description":"Many future advances in agriculture and medicine, as well as an understanding of adaptive evolution in natural and pest populations will require discovering the genes that regulate the expression of complex traits. Microarray technology is at the forefront of modern genomics, but despite its promise, is currently restricted in its utility by significant analytical problems associated with the analysis of the large number of gene expression profiles and their interpretation.   Analytical approaches will be developed that will substantially enhance the ability of transcriptional profiling to effectively uncover key genes underlying important phenotypes of interest across the biological and medical sciences.","scientific_title":"The Genomic Dimensionality of the Response to Natural Selection","start_year":2007,"arc_grant_id":"DP0769995","total_budget":"$240,000","arc_scheme":"DP","node_source":"ARC","node_type":"Grant"},"children":[{"color":"#0066FF","name":"The University of Queensland","data":{"source":"ARC","name":"The University of Queensland","state":"Qld","node_source":"ARC","node_type":"Institution"},"class":"Institution","self":"http://localhost:7474/db/data/node/89183","size":1}],"class":"Grant","self":"http://localhost:7474/db/data/node/101584","size":1},{"color":"#FF4D4D","name":"Mapping Speciation Genes","data":{"research_area":"GENETICS","research_area_code":"2702","application_year":2001,"purl":"http://purl.org/au-research/grants/arc/DP0209259","description":"Although Darwin's seminal work was entitled \"On the Origin of Species\", how new species arise is still poorly understood. Modern genetic techniques and quantitative trait loci analysis (QTLs) potentially allow the characterization of the genetic basis of traits directly involved in the speciation process. I intend to conduct two complementary QTL analyses of reproductive isolation in the Drosophila serrata complex.  The first will determine the genetic basis of reproductive isolation between D. serrata and D. birchii, while the second will determine if the same loci are currently under natural selection in D. serrata populations that are sympatric with D. birchii.  ","scientific_title":"Mapping Speciation Genes","start_year":2002,"arc_grant_id":"DP0209259","total_budget":"$561,000","arc_scheme":"DP","node_source":"ARC","node_type":"Grant"},"children":[{"color":"#0066FF","name":"The University of Queensland","data":{"source":"ARC","name":"The University of Queensland","state":"Qld","node_source":"ARC","node_type":"Institution"},"class":"Institution","self":"http://localhost:7474/db/data/node/89183","size":1}],"class":"Grant","self":"http://localhost:7474/db/data/node/90413","size":1}],"class":"Researcher","self":"http://localhost:7474/db/data/node/141104","size":1}],"class":"Dataset","self":"http://localhost:7474/db/data/node/141106","size":1}