{"color":"#123456","name":"doi:10.5061/dryad.m1vt9","data":{"node_source":"Dryad","node_type":"Dataset","doi":"doi:10.5061/dryad.m1vt9"},"children":[{"color":"#336699","name":"Marcel Cardillo","data":{"first_name":"Marcel","university_url":"https://researchers.anu.edu.au/researchers/cardillo-m","email":"","social":"","last_name":"Cardillo","node_source":"Dryad","node_type":"Researcher","have_grants":true,"full_name":"Marcel Cardillo"},"children":[{"color":"#FF4D4D","name":"Origins of a biodiversity hotspot flora: diversification of the Australian Proteaceae","data":{"research_area":"EVOLUTIONARY BIOLOGY","research_area_code":"0603","application_year":2010,"purl":"http://purl.org/au-research/grants/arc/DP110103168","description":"Why does Australia's only biodiversity hotspot, with nearly 3000 endemic plant species, occur in an area with poor soils and low rainfall? This project will analyse DNA sequences from over 1000 plant species of the Australian Proteaceae, many found only in this hotspot, to help us understand the evolutionary and ecological origins of this iconic flora.","scientific_title":"Origins of a biodiversity hotspot flora: diversification of the Australian Proteaceae","start_year":2011,"arc_grant_id":"DP110103168","total_budget":"$390,000","arc_scheme":"DP","node_source":"ARC","node_type":"Grant"},"children":[{"color":"#0066FF","name":"The Australian National University","data":{"source":"ARC","name":"The Australian National University","state":"ACT","node_source":"ARC","node_type":"Institution"},"class":"Institution","self":"http://localhost:7474/db/data/node/89130","size":1}],"class":"Grant","self":"http://localhost:7474/db/data/node/135177","size":1}],"class":"Researcher","self":"http://localhost:7474/db/data/node/141144","size":1}],"class":"Dataset","self":"http://localhost:7474/db/data/node/141146","size":1}