{"color":"#123456","name":"doi:10.5061/dryad.r8jh5t00","data":{"node_source":"Dryad","node_type":"Dataset","doi":"doi:10.5061/dryad.r8jh5t00"},"children":[{"color":"#336699","name":"Angela Eads","data":{"first_name":"Angela","university_url":"http://www.ceb.uwa.edu.au/research/profiles?profile/1/id/2813","email":"","social":"http://www.researchgate.net/profile/Angela_Eads","last_name":"Eads","node_source":"Dryad","node_type":"Researcher","have_grants":false,"full_name":"Angela Eads"},"children":[{"color":"#FF4D4D","name":"Alternative reproductive tactics and threshold evolution","data":{"research_area":"ECOLOGY AND EVOLUTION","research_area_code":"2707","application_year":2005,"purl":"http://purl.org/au-research/grants/arc/DP0663746","description":"This research is focussed at the highest level in the field of evolutionary biology; testing recent theory for the evolution of alternative reproductive tactics and using these species to test hypotheses about adaptation. The proposal involves collaborations with high-profile researchers from three European countries and will increase Australia's standing as a world-leader in evolutionary biology. Australian students will benefit from exposure to high quality international collaborators. We will also increase our understanding of the biology of the European earwig, a pest species in Australia. Reproductive tactics are exciting topics for media attention and this research will reach a wide and interested Australian and world audience.","scientific_title":"Alternative reproductive tactics and threshold evolution","start_year":2006,"arc_grant_id":"DP0663746","total_budget":"$185,000","arc_scheme":"DP","node_source":"ARC","node_type":"Grant"},"children":[{"color":"#0066FF","name":"The University of Western Australia","data":{"source":"ARC","name":"The University of Western Australia","state":"WA","node_source":"ARC","node_type":"Institution"},"class":"Institution","self":"http://localhost:7474/db/data/node/89390","size":1}],"class":"Grant","self":"http://localhost:7474/db/data/node/100126","size":1}],"class":"Researcher","self":"http://localhost:7474/db/data/node/141195","size":1}],"class":"Dataset","self":"http://localhost:7474/db/data/node/141197","size":1}