{"color":"#123456","name":"doi:10.5061/dryad.tp979","data":{"node_source":"Dryad","node_type":"Dataset","doi":"doi:10.5061/dryad.tp979"},"children":[{"color":"#336699","name":"Emma Hine","data":{"first_name":"Emma","university_url":"http://researchers.uq.edu.au/researcher/1099","email":"","social":"","last_name":"Hine","node_source":"Dryad","node_type":"Researcher","have_grants":true,"full_name":"Emma Hine"},"children":[{"color":"#FF4D4D","name":"The Geometry of Genetic Limits to Evolutionary Change","data":{"research_area":"GENETICS","research_area_code":"2702","application_year":2009,"purl":"http://purl.org/au-research/grants/arc/DP1093474","description":"Genetic limits to evolutionary change are a fundamental issue for plant and animal improvement, as well as understanding how natural populations may respond to human-induced changes such as habitat degradation and climate change.  Because we still know very little about how genetic variation is distributed among the multiple traits that are likely to respond to selection in such circumstances, we have no way of directly measuring the evolutionary potential of any natural population.  In this proposal, we develop the theory, statistical tools, and experimental designs to investigate the nature and prevalence of these multivariate genetic constraints.","scientific_title":"The Geometry of Genetic Limits to Evolutionary Change","start_year":2010,"arc_grant_id":"DP1093474","total_budget":"$630,000","arc_scheme":"DP","node_source":"ARC","node_type":"Grant"},"children":[{"color":"#0066FF","name":"The University of Queensland","data":{"source":"ARC","name":"The University of Queensland","state":"Qld","node_source":"ARC","node_type":"Institution"},"class":"Institution","self":"http://localhost:7474/db/data/node/89183","size":1}],"class":"Grant","self":"http://localhost:7474/db/data/node/111523","size":1}],"class":"Researcher","self":"http://localhost:7474/db/data/node/141270","size":1}],"class":"Dataset","self":"http://localhost:7474/db/data/node/141272","size":1}