{"color":"#123456","name":"doi:10.5061/dryad.2v68d","data":{"node_source":"Dryad","node_type":"Dataset","doi":"doi:10.5061/dryad.2v68d"},"children":[{"color":"#336699","name":"Jonathan Evans","data":{"first_name":"Jonathan","university_url":"http://www.ceb.uwa.edu.au/research/researchers/evans","email":"","social":"","last_name":"Evans","node_source":"Dryad","node_type":"Researcher","have_grants":true,"full_name":"Jonathan Evans"},"children":[{"color":"#FF4D4D","name":"Integrating pre- and postcopulatory sexual selection","data":{"research_area":"ECOLOGY","research_area_code":"0602","application_year":2011,"purl":"http://purl.org/au-research/grants/arc/DP120100773","description":"This project combines life-history theory, behaviour, physiology and quantitative genetics to gain a broader understanding of the mechanisms linking pre- and postcopulatory sexual selection. The work will boost Australia’s profile in evolutionary ecology and build new collaborative links with researchers overseas.","scientific_title":"Integrating pre- and postcopulatory sexual selection","start_year":2012,"arc_grant_id":"DP120100773","total_budget":"$114,284","arc_scheme":"DP","node_source":"ARC","node_type":"Grant"},"children":[{"color":"#0066FF","name":"The University of Western Australia","data":{"source":"ARC","name":"The University of Western Australia","state":"WA","node_source":"ARC","node_type":"Institution"},"class":"Institution","self":"http://localhost:7474/db/data/node/89390","size":1}],"class":"Grant","self":"http://localhost:7474/db/data/node/130970","size":1},{"color":"#FF4D4D","name":"Sources of genetic and phenotypic variation in sexual selection","data":{"research_area":"ECOLOGY AND EVOLUTION","research_area_code":"2707","application_year":2006,"purl":"http://purl.org/au-research/grants/arc/DP0772498","description":"This project will contribute towards Australia's reputation as a country where excellent and original research in evolutionary biology is conducted. The project will focus on the evolution of mate choice in the Western Australian rainbowfish, which has never been formally studied. Our research will therefore work towards a better understanding of Australian native fauna. Conceptually, the work encompasses new and innovative experimental procedures that will address fundamental questions in sexual selection. The results will ultimately be geared towards publication in the highest ranking journals, thereby promoting Australian science on the international stage. Australian science will further benefit from the training of young scientists.","scientific_title":"Sources of genetic and phenotypic variation in sexual selection","start_year":2007,"arc_grant_id":"DP0772498","total_budget":"$340,841","arc_scheme":"DP","node_source":"ARC","node_type":"Grant"},"children":[{"color":"#0066FF","name":"The University of Western Australia","data":{"source":"ARC","name":"The University of Western Australia","state":"WA","node_source":"ARC","node_type":"Institution"},"class":"Institution","self":"http://localhost:7474/db/data/node/89390","size":1}],"class":"Grant","self":"http://localhost:7474/db/data/node/102509","size":1},{"color":"#FF4D4D","name":"Alternative reproductive tactics and threshold evolution","data":{"research_area":"ECOLOGY AND EVOLUTION","research_area_code":"2707","application_year":2005,"purl":"http://purl.org/au-research/grants/arc/DP0663746","description":"This research is focussed at the highest level in the field of evolutionary biology; testing recent theory for the evolution of alternative reproductive tactics and using these species to test hypotheses about adaptation. The proposal involves collaborations with high-profile researchers from three European countries and will increase Australia's standing as a world-leader in evolutionary biology. Australian students will benefit from exposure to high quality international collaborators. We will also increase our understanding of the biology of the European earwig, a pest species in Australia. Reproductive tactics are exciting topics for media attention and this research will reach a wide and interested Australian and world audience.","scientific_title":"Alternative reproductive tactics and threshold evolution","start_year":2006,"arc_grant_id":"DP0663746","total_budget":"$185,000","arc_scheme":"DP","node_source":"ARC","node_type":"Grant"},"children":[{"color":"#0066FF","name":"The University of Western Australia","data":{"source":"ARC","name":"The University of Western Australia","state":"WA","node_source":"ARC","node_type":"Institution"},"class":"Institution","self":"http://localhost:7474/db/data/node/89390","size":1}],"class":"Grant","self":"http://localhost:7474/db/data/node/100126","size":1},{"color":"#FF4D4D","name":"Postcopulatory sexual selection and intraspecific variation in sperm competition traits","data":{"research_area":"ECOLOGY AND EVOLUTION","research_area_code":"2707","application_year":2005,"purl":"http://purl.org/au-research/grants/arc/DP0663574","description":"This project will contribute towards Australia's burgeoning reputation as a country where excellent and original research in behavioural ecology and evolution is conducted. By focusing on the evolution and function of sperm and genitalic traits, the project will address fundamental questions at the core of contemporary evolutionary research, thereby yielding results that will have a significant international impact. Australian science will further benefit from the research fellow's established collaborations with international scientists and through the training of young scientists.","scientific_title":"Postcopulatory sexual selection and intraspecific variation in sperm competition traits","start_year":2006,"arc_grant_id":"DP0663574","total_budget":"$793,000","arc_scheme":"DP","node_source":"ARC","node_type":"Grant"},"children":[{"color":"#0066FF","name":"The University of Western Australia","data":{"source":"ARC","name":"The University of Western Australia","state":"WA","node_source":"ARC","node_type":"Institution"},"class":"Institution","self":"http://localhost:7474/db/data/node/89390","size":1}],"class":"Grant","self":"http://localhost:7474/db/data/node/100074","size":1},{"color":"#FF4D4D","name":"Female roles during postcopulatory sexual selection","data":{"research_area":"ECOLOGY AND EVOLUTION","research_area_code":"2707","application_year":2002,"purl":"http://purl.org/au-research/grants/arc/DP0343240","description":"The project will evaluate the importance of postcopulatory sexual selection in the guppy, a polyandrous species of livebearing fish. The use of artificial insemination, which experimentally controls the relative contribution of sperm from competing males (as well as other confounding effects), will facilitate a powerful test of recent theoretical predictions in evolutionary biology. The project will enable me to distinguish between competing hypotheses for postcopulatory paternity bias following female multiple mating (sperm competition, cryptic female choice, genetic compatibility) and provide additional insights into the selective forces promoting the evolution of female promiscuity.","scientific_title":"Female roles during postcopulatory sexual selection","start_year":2003,"arc_grant_id":"DP0343240","total_budget":"$354,000","arc_scheme":"DP","node_source":"ARC","node_type":"Grant"},"children":[{"color":"#0066FF","name":"The University of New South Wales","data":{"source":"ARC","name":"The University of New South Wales","state":"NSW","node_source":"ARC","node_type":"Institution"},"class":"Institution","self":"http://localhost:7474/db/data/node/89069","size":1}],"class":"Grant","self":"http://localhost:7474/db/data/node/92630","size":1}],"class":"Researcher","self":"http://localhost:7474/db/data/node/141213","size":1}],"class":"Dataset","self":"http://localhost:7474/db/data/node/141215","size":1}