{"color":"#123456","name":"doi:10.5061/dryad.f1cb2","data":{"node_source":"Dryad","node_type":"Dataset","doi":"doi:10.5061/dryad.f1cb2"},"children":[{"color":"#336699","name":"Mike Gardner","data":{"first_name":"Mike","university_url":"http://www.flinders.edu.au/people/michael.gardner","email":"","social":"","last_name":"Gardner","node_source":"Dryad","node_type":"Researcher","have_grants":false,"full_name":"Mike Gardner"},"children":[{"color":"#FF4D4D","name":"ARC/NHMRC Research Network for Parasitology","data":{"research_area":"VETERINARY SCIENCES","research_area_code":"3005","application_year":2004,"purl":"http://purl.org/au-research/grants/arc/RN0460368","description":"Parasites cause serious diseases in humans and animals in Australia and around the world, with social and economic repercussions for healthcare, primary industries and wildlife conservation. Concerns over biosecurity and an increased political awareness of infectious disease have led to a resurgence in worldwide interest in parasitology, one of Australia's research strengths. The key priorities of the ARC Network for Parasitology are to strengthen Australia's capacity to understand and control parasites and to raise awareness of Australia's parasitology research through a communications strategy targeting all levels of the community including health workers, farmers, veterinarians, national parks and fisheries staff, teachers and students.","scientific_title":"ARC/NHMRC Research Network for Parasitology","start_year":2004,"arc_grant_id":"RN0460368","total_budget":"$750,000","arc_scheme":"RN","node_source":"ARC","node_type":"Grant"},"children":[{"color":"#0066FF","name":"University of Technology, Sydney","data":{"source":"ARC","name":"University of Technology, Sydney","state":"NSW","nla":"http://nla.gov.au/nla.party-502828","node_source":"ARC","node_type":"Institution"},"class":"Institution","self":"http://localhost:7474/db/data/node/89470","size":1}],"class":"Grant","self":"http://localhost:7474/db/data/node/127002","size":1}],"class":"Researcher","self":"http://localhost:7474/db/data/node/141238","size":1}],"class":"Dataset","self":"http://localhost:7474/db/data/node/141240","size":1}