{"color":"#123456","name":"doi:10.5061/dryad.t215b","data":{"node_source":"Dryad","node_type":"Dataset","doi":"doi:10.5061/dryad.t215b"},"children":[{"color":"#336699","name":"Conrad Hoskin","data":{"first_name":"Conrad","university_url":"https://research.jcu.edu.au/portfolio/conrad.hoskin","email":"","social":"","last_name":"Hoskin","node_source":"Dryad","node_type":"Researcher","have_grants":false,"full_name":"Conrad Hoskin"},"children":[{"color":"#FF4D4D","name":"Diversification and conservation of Australian frogs","data":{"research_area":"EVOLUTIONARY BIOLOGY","research_area_code":"0603","application_year":2011,"purl":"http://purl.org/au-research/grants/arc/DP120104146","description":"Australia's 216 known species of frogs are exceptionally diverse, 98 per cent are found nowhere else in the world and many of them are in trouble. This project will test ideas concerning the tempo of Australian frog diversification, identify previously cryptic new species and provide information critical to the conservation of Australia's declining frogs.","scientific_title":"Diversification and conservation of Australian frogs","start_year":2012,"arc_grant_id":"DP120104146","total_budget":"$320,000","arc_scheme":"DP","node_source":"ARC","node_type":"Grant"},"children":[{"color":"#0066FF","name":"The Australian National University","data":{"source":"ARC","name":"The Australian National University","state":"ACT","node_source":"ARC","node_type":"Institution"},"class":"Institution","self":"http://localhost:7474/db/data/node/89130","size":1}],"class":"Grant","self":"http://localhost:7474/db/data/node/133603","size":1}],"class":"Researcher","self":"http://localhost:7474/db/data/node/141288","size":1}],"class":"Dataset","self":"http://localhost:7474/db/data/node/141290","size":1}