{"color":"#123456","name":"doi:10.5061/dryad.jv25p","data":{"node_source":"Dryad","node_type":"Dataset","doi":"doi:10.5061/dryad.jv25p"},"children":[{"color":"#336699","name":"Michael Kasumovic","data":{"first_name":"Michael","university_url":"http://www.bees.unsw.edu.au/michael-kasumovic","email":"","social":"","last_name":"Kasumovic","node_source":"Dryad","node_type":"Researcher","full_name":"Michael Kasumovic"},"children":[{"color":"#FF4D4D","name":"Re-evaluating evolution by examining developmental plasticity in response to the social environment","data":{"research_area":"EVOLUTIONARY BIOLOGY","research_area_code":"0603","application_year":2011,"purl":"http://purl.org/au-research/grants/arc/DE120100214","description":"Our understanding of trait evolution is derived from our assumption that traits are a signal of male quality as they are costly to produce. The project will integrate this concept with a new theory stating that males shift their development to exploit the weaknesses of rivals; thereby leading to a more holistic understanding of evolution.","scientific_title":"Re-evaluating evolution by examining developmental plasticity in response to the social environment","start_year":2012,"arc_grant_id":"DE120100214","total_budget":"$375,000","arc_scheme":"DE","node_source":"ARC","node_type":"Grant"},"children":[{"color":"#0066FF","name":"The University of New South Wales","data":{"source":"ARC","name":"The University of New South Wales","state":"NSW","node_source":"ARC","node_type":"Institution"},"class":"Institution","self":"http://localhost:7474/db/data/node/89069","size":1}],"class":"Grant","self":"http://localhost:7474/db/data/node/130080","size":1}],"class":"Researcher","self":"http://localhost:7474/db/data/node/141309","size":1}],"class":"Dataset","self":"http://localhost:7474/db/data/node/141312","size":1}