{"color":"#123456","name":"doi:10.5061/dryad.8sb5h","data":{"node_source":"Dryad","node_type":"Dataset","doi":"doi:10.5061/dryad.8sb5h"},"children":[{"color":"#336699","name":"Brendan McMorran","data":{"first_name":"Brendan","university_url":"http://www.mq.edu.au/about_us/faculties_and_departments/faculty_of_human_sciences/asam/our_staff/associate_professor_brendan_mcmorran/","email":"","social":"","last_name":"McMorran","node_source":"Dryad","node_type":"Researcher","full_name":"Brendan McMorran"},"children":[{"color":"#FF4D4D","name":"Analysing the protective role of platelets during malaria infection","data":{"research_area":"MEDICAL MICROBIOLOGY","research_area_code":"1108","application_year":2011,"purl":"http://purl.org/au-research/grants/arc/DP120100061","description":"Platelets protect the host during malarial infection. This project aims to study how platelets kill the malaria parasite by investigating the role of host molecules and their potential as novel antimalarial agents. The role of platelets in the pathogenesis of cerebral malaria syndrome will also be investigated.","scientific_title":"Analysing the protective role of platelets during malaria infection","start_year":2012,"arc_grant_id":"DP120100061","total_budget":"$280,000","arc_scheme":"DP","node_source":"ARC","node_type":"Grant"},"children":[{"color":"#0066FF","name":"University of Tasmania","data":{"source":"ARC","name":"University of Tasmania","state":"Tas","nla":"http://nla.gov.au/nla.party-460913","node_source":"ARC","node_type":"Institution"},"class":"Institution","self":"http://localhost:7474/db/data/node/89378","size":1}],"class":"Grant","self":"http://localhost:7474/db/data/node/132697","size":1}],"class":"Researcher","self":"http://localhost:7474/db/data/node/141366","size":1}],"class":"Dataset","self":"http://localhost:7474/db/data/node/141368","size":1}