{"color":"#123456","name":"doi:10.5061/dryad.st1s3","data":{"node_source":"Dryad","node_type":"Dataset","doi":"doi:10.5061/dryad.st1s3"},"children":[{"color":"#336699","name":"John Pandolfi","data":{"first_name":"John","rda":"https://researchdata.ands.org.au/pandolfi-john/429302","university_url":"http://researchers.uq.edu.au/researcher/1438","email":"","social":"","last_name":"Pandolfi","node_source":"Dryad","node_type":"Researcher","full_name":"John Pandolfi"},"children":[{"color":"#FF4D4D","name":"Climate change impacts on latitudinal diversity gradients in reef corals","data":{"research_area":"ECOLOGY","research_area_code":"0602","application_year":2012,"purl":"http://purl.org/au-research/grants/arc/DP130100250","description":"This project will investigate the consequences of a warmer ocean that occurred during past intervals of global climate change on the latitudinal distribution of reef-building corals. This work will provide managers and industry with critical insight into the effects of ongoing climate change on the biodiversity and biogeography of living coral reefs.","scientific_title":"Climate change impacts on latitudinal diversity gradients in reef corals","start_year":2013,"arc_grant_id":"DP130100250","total_budget":"$855,000","arc_scheme":"DP","node_source":"ARC","node_type":"Grant"},"children":[{"color":"#0066FF","name":"The University of Queensland","data":{"source":"ARC","name":"The University of Queensland","state":"Qld","node_source":"ARC","node_type":"Institution"},"class":"Institution","self":"http://localhost:7474/db/data/node/89183","size":1}],"class":"Grant","self":"http://localhost:7474/db/data/node/136556","size":1},{"color":"#FF4D4D","name":"Long-term natural ecological consequences of disturbance on coral reefs: the benthic foraminifera perspective","data":{"research_area":"ECOLOGY AND EVOLUTION","research_area_code":"2707","application_year":2006,"purl":"http://purl.org/au-research/grants/arc/LX0775855","description":"The tropical coastline of Australia encompasses world-renowned coral reefs (Great Barrier Reef and Ningaloo Marine Park).  Even these reefs are not pristine and are increasingly susceptible to disturbance from human impact.  The long-term ecological effects of disturbance on reef communities cannot be experimentally determined; but natural experiments from the fossil record provide mechanisms to ensure that managers of Australia's reefs have critical information on how past disturbance frequency and intensity has affected coral reef communities.  This information will help ensure the continuation of ecosystem goods and services from Australia's high diversity coral reefs.","scientific_title":"Long-term natural ecological consequences of disturbance on coral reefs: the benthic foraminifera perspective","start_year":2007,"arc_grant_id":"LX0775855","total_budget":"$41,165","arc_scheme":"LX","node_source":"ARC","node_type":"Grant"},"children":[{"color":"#0066FF","name":"The University of Queensland","data":{"source":"ARC","name":"The University of Queensland","state":"Qld","node_source":"ARC","node_type":"Institution"},"class":"Institution","self":"http://localhost:7474/db/data/node/89183","size":1}],"class":"Grant","self":"http://localhost:7474/db/data/node/126230","size":1},{"color":"#FF4D4D","name":"The future of palaeoclimate and archaeological research in Australia: next generation instrumentation for chronology and environmental reconstruction","data":{"research_area":"GEOCHEMISTRY","research_area_code":"2603","application_year":2008,"purl":"http://purl.org/au-research/grants/arc/LE0989067","description":"The outcomes of this project will promote a better understanding of Australia's arid continent and its surrounding marine environment, contribute to studies of global climate change, and provide new insights into the response of fragile ecosystems to such events and processes. The project addresses directly the National Research Priority 'Water - a critical resource', 'Responding to climate change and variability', 'Overcoming soil loss, salinity and acidity', 'Sustainable use of Australia's biodiversity' and 'Understanding our region and the world'. It provides a consortium-type platform for highly productive collaborative research and training across eight universities and one research organisation in Australia.","scientific_title":"The future of palaeoclimate and archaeological research in Australia: next generation instrumentation for chronology and environmental reconstruction","start_year":2009,"arc_grant_id":"LE0989067","total_budget":"$950,000","arc_scheme":"LE","node_source":"ARC","node_type":"Grant"},"children":[{"color":"#0066FF","name":"The University of Queensland","data":{"source":"ARC","name":"The University of Queensland","state":"Qld","node_source":"ARC","node_type":"Institution"},"class":"Institution","self":"http://localhost:7474/db/data/node/89183","size":1}],"class":"Grant","self":"http://localhost:7474/db/data/node/114662","size":1},{"color":"#FF4D4D","name":"A stable-isotope mass spectrometer for novel determinations of past temperatures","data":{"research_area":"GEOCHEMISTRY","research_area_code":"2603","application_year":2007,"purl":"http://purl.org/au-research/grants/arc/LE0883113","description":"Much of the Australian landscape is subject to a dry and evaporative climate, making it very difficult to use conventional geochemical techniques to estimate past temperatures, even on short timescales of tens to hundreds of years. The application of a new isotopic technique to preserved carbonate minerals (soil carbonate, shells in rivers, lakes and the ocean) avoids the difficulty of this variable evaporation, and directly measures past temperatures. This will have a profound effect on our understanding of environmental changes on both short and long time scales, and permit a better understanding of the hydrological balances within the landscape.","scientific_title":"A stable-isotope mass spectrometer for novel determinations of past temperatures","start_year":2008,"arc_grant_id":"LE0883113","total_budget":"$250,000","arc_scheme":"LE","node_source":"ARC","node_type":"Grant"},"children":[{"color":"#0066FF","name":"University of Wollongong","data":{"source":"ARC","name":"University of Wollongong","state":"NSW","nla":"http://nla.gov.au/nla.party-464691","node_source":"ARC","node_type":"Institution"},"class":"Institution","self":"http://localhost:7474/db/data/node/89271","size":1}],"class":"Grant","self":"http://localhost:7474/db/data/node/114657","size":1},{"color":"#FF4D4D","name":"Development of a theoretical framework for predicting responses of coral reef ecosystems to nutrient enrichment and herbivory","data":{"research_area":"ECOLOGY AND EVOLUTION","research_area_code":"2707","application_year":2008,"purl":"http://purl.org/au-research/grants/arc/DP0986179","description":"Australia relies greatly upon its rich natural environmental resources for goods and services and for economic growth (tourism, fisheries, and recreational industries).  Our work on the Great Barrier Reef will provide a fresh perspective on the influence of nutrient pollution on corals and seaweeds. We will use new models to understand the sensitivity of reef organisms to nutrient enrichment. Our results will substantially enhance our ability to manage coral reef resources with climate change and increasing nutrient influx from urban or agricultural activities, underpinning a key National Research Priority.","scientific_title":"Development of a theoretical framework for predicting responses of coral reef ecosystems to nutrient enrichment and herbivory","start_year":2009,"arc_grant_id":"DP0986179","total_budget":"$240,000","arc_scheme":"DP","node_source":"ARC","node_type":"Grant"},"children":[{"color":"#0066FF","name":"The University of Queensland","data":{"source":"ARC","name":"The University of Queensland","state":"Qld","node_source":"ARC","node_type":"Institution"},"class":"Institution","self":"http://localhost:7474/db/data/node/89183","size":1}],"class":"Grant","self":"http://localhost:7474/db/data/node/110282","size":1},{"color":"#FF4D4D","name":"Equipment Grant","data":{"media_summary":"","end_year":2006,"keywords":["Equipment Grant"],"nhmrc_grant_id":361659,"application_year":2004,"start_year":2006,"scientific_title":"Equipment Grant","node_source":"NHMRC","node_type":"Grant","field_of_research":"Endocrinology","research_area":"Not Applicable","for_category":"CLINICAL SCIENCES","cia_name":"Ms Julia Malone","higher_grant_type":"NHMRC Infrastructure Grants","purl":"http://purl.org/au-research/grants/nhmrc/361659","simplified_title":"Equipment","sub_type":"Equipment Grant","total_budget":"206933","source_system":""},"children":[{"color":"#0066FF","name":"Murdoch Childrens Research Institute","data":{"source":"NHMRC","name":"Murdoch Childrens Research Institute","state":"VIC","nla":"http://nla.gov.au/nla.party-1306438","type":"Research","node_source":"NHMRC","node_type":"Institution"},"class":"Institution","self":"http://localhost:7474/db/data/node/152","size":1}],"class":"Grant","self":"http://localhost:7474/db/data/node/6746","size":1}],"class":"Researcher","self":"http://localhost:7474/db/data/node/141426","size":1}],"class":"Dataset","self":"http://localhost:7474/db/data/node/141429","size":1}