{"color":"#123456","name":"doi:10.5061/dryad.r3n45","data":{"node_source":"Dryad","node_type":"Dataset","doi":"doi:10.5061/dryad.r3n45"},"children":[{"color":"#336699","name":"Charles Price","data":{"first_name":"Charles","university_url":"http://www.uwa.edu.au/people/charles.price","email":"","social":"","last_name":"Price","node_source":"Dryad","node_type":"Researcher","full_name":"Charles Price"},"children":[{"color":"#FF4D4D","name":"Defining biologically significant units in spinifex (Triodia spp.) for improved ecological restoration in arid Australia","data":{"research_area":"GENETICS","research_area_code":"0604","application_year":2011,"purl":"http://purl.org/au-research/grants/arc/LP120100350","description":"This project will investigate composition and functioning of the iconic spinifex grasslands of arid Australia. The findings will increase the capacity to restore these landscapes after mining. Project outcomes directly address the national priority for sustainable use of Australia’s biodiversity, particularly of vulnerable ecosystems.","scientific_title":"Defining biologically significant units in spinifex (Triodia spp.) for improved ecological restoration in arid Australia","start_year":2012,"arc_grant_id":"LP120100350","total_budget":"$549,000","arc_scheme":"LP","node_source":"ARC","node_type":"Grant"},"children":[{"color":"#0066FF","name":"The University of Western Australia","data":{"source":"ARC","name":"The University of Western Australia","state":"WA","node_source":"ARC","node_type":"Institution"},"class":"Institution","self":"http://localhost:7474/db/data/node/89390","size":1}],"class":"Grant","self":"http://localhost:7474/db/data/node/140484","size":1},{"color":"#FF4D4D","name":"Quantifying the contribution of leaf vein networks to the leaf economics spectrum in native and agricultural species","data":{"research_area":"PLANT BIOLOGY","research_area_code":"0607","application_year":2011,"purl":"http://purl.org/au-research/grants/arc/DE120101562","description":"Using a combination of eco-physiological and geometric measures this project will evaluate the influence of leaf vein networks on leaf economics. It is expected that this work will identify vein investment and network design as major sources of variability underlying species adaptive strategies, and the global leaf economics spectrum as a whole.","scientific_title":"Quantifying the contribution of leaf vein networks to the leaf economics spectrum in native and agricultural species","start_year":2012,"arc_grant_id":"DE120101562","total_budget":"$375,000","arc_scheme":"DE","node_source":"ARC","node_type":"Grant"},"children":[{"color":"#0066FF","name":"The University of Western Australia","data":{"source":"ARC","name":"The University of Western Australia","state":"WA","node_source":"ARC","node_type":"Institution"},"class":"Institution","self":"http://localhost:7474/db/data/node/89390","size":1}],"class":"Grant","self":"http://localhost:7474/db/data/node/130342","size":1}],"class":"Researcher","self":"http://localhost:7474/db/data/node/141442","size":1}],"class":"Dataset","self":"http://localhost:7474/db/data/node/141444","size":1}