{"index":{"doi:10.5061/dryad.g2r32":"141464.json","doi:10.5061/dryad.fv21r":"141451.json","doi:10.5061/dryad.st1s3":"141429.json","doi:10.5061/dryad.t215b":"141290.json","doi:10.5061/dryad.4qq0v":"141090.json","doi:10.5061/dryad.f1cb2":"141240.json","doi:10.5061/dryad.rn6gg":"141106.json","doi:10.5061/dryad.r8jh5t00":"141197.json","doi:10.5061/dryad.jp2rm":"141217.json","doi:10.5061/dryad.bs200":"141304.json","doi:10.5061/dryad.25nt8":"141081.json","doi:10.5061/dryad.tp979":"141272.json","doi:10.5061/dryad.522cm":"141474.json","doi:10.5061/dryad.v5gp1233":"141085.json","doi:10.5061/dryad.jv25p":"141312.json","doi:10.5061/dryad.5pc00":"141216.json","doi:10.5061/dryad.3117v":"141514.json","doi:10.5061/dryad.m6k89833":"141084.json","doi:10.5061/dryad.jq878":"141071.json","doi:10.5061/dryad.2v68d":"141215.json","doi:10.5061/dryad.v3b42mv1":"141452.json","doi:10.5061/dryad.70dj6":"141450.json","doi:10.5061/dryad.3723v":"141311.json","doi:10.5061/dryad.bs385":"141372.json","doi:10.5061/dryad.r3n45":"141444.json","doi:10.5061/dryad.h53v8":"141158.json","doi:10.5061/dryad.1db54":"141371.json","doi:10.5061/dryad.m1vt9":"141146.json","doi:10.5061/dryad.c09b0":"141335.json","doi:10.5061/dryad.14mb6":"141165.json","doi:10.5061/dryad.3dh2c":"141515.json","doi:10.5061/dryad.8sb5h":"141368.json","doi:10.5061/dryad.9143":"141070.json","doi:10.5061/dryad.st467":"141194.json"},"legend":{"Grant":"#FF4D4D","Dataset":"#123456","Publication":"#666666","Institution":"#0066FF","Researcher":"#336699"},"select":"Dataset: ","comments":"Click on node to view it's parameters. Double click on it to collapse or expand."}