{"color":"#0066FF","name":"Austin Hospital Medical Research Foundation","data":{"source":"NHMRC","name":"Austin Hospital Medical Research Foundation","state":"VIC","type":"Hospital","node_source":"NHMRC","node_type":"Institution"},"children":[{"color":"#FF4D4D","name":"IRIISS - 2013","data":{"media_summary":"","end_year":2013,"nhmrc_grant_id":9000169,"application_year":2013,"start_year":2013,"scientific_title":"IRIISS - 2013","node_source":"NHMRC","node_type":"Grant","field_of_research":"","research_area":"","for_category":"","cia_name":"Dr Sianna Panagiotopoulos","higher_grant_type":"NHMRC Infrastructure Grants","purl":"http://purl.org/au-research/grants/nhmrc/9000169","simplified_title":"IRIISS - 2013","sub_type":"Independent MRI Infrastructure Grant","total_budget":"87475.8","source_system":""},"children":[{"color":"#336699","name":"Dr Sianna Panagiotopoulos","data":{"first_name":"Sianna","title":"Dr","dw_individual_id":"DW0003836","middle_name":"","last_name":"Panagiotopoulos","source_individual_id":"RMIS5173","node_source":"NHMRC","node_type":"Researcher","source_system":"RMIS","full_name":"Dr Sianna Panagiotopoulos"},"class":"Researcher","self":"http://localhost:7474/db/data/node/77733","size":1}],"class":"Grant","self":"http://localhost:7474/db/data/node/76174","size":1},{"color":"#FF4D4D","name":"2012 Equipment Grant","data":{"media_summary":"","end_year":2012,"nhmrc_grant_id":9000149,"application_year":2012,"start_year":2012,"scientific_title":"2012 Equipment Grant","node_source":"NHMRC","node_type":"Grant","field_of_research":"n-a","research_area":"","for_category":"N-A","cia_name":"Dr Sianna Panagiotopoulos","higher_grant_type":"NHMRC Infrastructure Grants","purl":"http://purl.org/au-research/grants/nhmrc/9000149","simplified_title":"2012 Equipment Grant","sub_type":"Equipment Grant","total_budget":"5495.21","source_system":""},"children":[{"color":"#336699","name":"Dr Sianna Panagiotopoulos","data":{"first_name":"Sianna","title":"Dr","dw_individual_id":"DW0003836","middle_name":"","last_name":"Panagiotopoulos","source_individual_id":"RMIS5173","node_source":"NHMRC","node_type":"Researcher","source_system":"RMIS","full_name":"Dr Sianna Panagiotopoulos"},"class":"Researcher","self":"http://localhost:7474/db/data/node/77733","size":1}],"class":"Grant","self":"http://localhost:7474/db/data/node/74991","size":1},{"color":"#FF4D4D","name":"IRIISS - 2012","data":{"media_summary":"","end_year":2012,"nhmrc_grant_id":9000096,"application_year":2012,"start_year":2012,"scientific_title":"IRIISS - 2012","node_source":"NHMRC","node_type":"Grant","field_of_research":"n-a","research_area":"","for_category":"N-A","cia_name":"Dr Sianna Panagiotopoulos","higher_grant_type":"NHMRC Infrastructure Grants","purl":"http://purl.org/au-research/grants/nhmrc/9000096","simplified_title":"IRIISS - 2012","sub_type":"Independent MRI Infrastructure Grant","total_budget":"137603","source_system":""},"children":[{"color":"#336699","name":"Dr Sianna Panagiotopoulos","data":{"first_name":"Sianna","title":"Dr","dw_individual_id":"DW0003836","middle_name":"","last_name":"Panagiotopoulos","source_individual_id":"RMIS5173","node_source":"NHMRC","node_type":"Researcher","source_system":"RMIS","full_name":"Dr Sianna Panagiotopoulos"},"class":"Researcher","self":"http://localhost:7474/db/data/node/77733","size":1}],"class":"Grant","self":"http://localhost:7474/db/data/node/74938","size":1},{"color":"#FF4D4D","name":"2011 Equipment Grant","data":{"media_summary":"","end_year":2012,"nhmrc_grant_id":1038574,"application_year":2011,"start_year":2011,"scientific_title":"2011 Equipment Grant","node_source":"NHMRC","node_type":"Grant","field_of_research":"","research_area":"Not Applicable","for_category":"","cia_name":"Sianna Panagiotopoulos","higher_grant_type":"NHMRC Infrastructure Grants","purl":"http://purl.org/au-research/grants/nhmrc/1038574","simplified_title":"2011 Equipment Grant","sub_type":"Equipment Grant","total_budget":"9118","source_system":""},"children":[{"color":"#336699","name":"Dr Sianna Panagiotopoulos","data":{"first_name":"Sianna","title":"Dr","dw_individual_id":"DW0003836","middle_name":"","last_name":"Panagiotopoulos","source_individual_id":"RMIS5173","node_source":"NHMRC","node_type":"Researcher","source_system":"RMIS","full_name":"Dr Sianna Panagiotopoulos"},"class":"Researcher","self":"http://localhost:7474/db/data/node/77733","size":1}],"class":"Grant","self":"http://localhost:7474/db/data/node/73481","size":1},{"color":"#FF4D4D","name":"TRIP Fellowship","data":{"media_summary":"","end_year":2013,"keywords":["medications","evidence-based clinical practice","orthopaedic surgery","injury prevention","drug utilisation"],"nhmrc_grant_id":1035729,"application_year":2011,"start_year":2012,"scientific_title":"TRIP Fellowship","node_source":"NHMRC","node_type":"Grant","field_of_research":"Orthopaedics","research_area":"Clinical Medicine and Science","for_category":"CLINICAL SCIENCES","cia_name":"Ms The-Phung To","higher_grant_type":"Early Career Fellowships","purl":"http://purl.org/au-research/grants/nhmrc/1035729","simplified_title":"TRIP Fellowship","sub_type":"TRIP ECF","total_budget":"146247.33","source_system":"As many as 50% of patients having surgery take medications unrelated to their surgery and up to 46% of patients have their medications stopped at surgery. Patients who take regular medications unrelated to their surgery are 2.7 times more at risk of complications post surgery than those who do not take medications. As time without regular medication increase, so do the post surgery complication rate. This project aims to improve the use of patients� regular medications at the time of surgery."},"children":[{"color":"#336699","name":"Ms The-Phung To","data":{"first_name":"The-Phung","title":"Ms","dw_individual_id":"DW0010675","middle_name":"","last_name":"To","source_individual_id":"5041175","node_source":"NHMRC","node_type":"Researcher","source_system":"RGMS","full_name":"Ms The-Phung To"},"class":"Researcher","self":"http://localhost:7474/db/data/node/79597","size":1}],"class":"Grant","self":"http://localhost:7474/db/data/node/73293","size":1},{"color":"#FF4D4D","name":"Improving the Understanding and Management of Important Human Bacterial Infections","data":{"media_summary":"","end_year":2015,"keywords":["antibiotic resistance","Staphylococcus aureus","molecular epidemiology","nosocomial infections","molecular microbiology"],"nhmrc_grant_id":1023526,"application_year":2011,"start_year":2012,"scientific_title":"Improving the Understanding and Management of Important Human Bacterial Infections","node_source":"NHMRC","node_type":"Grant","field_of_research":"Medical Bacteriology","research_area":"Basic Science","for_category":"MEDICAL MICROBIOLOGY","cia_name":"Prof Benjamin Howden","higher_grant_type":"Career Development Fellowships","purl":"http://purl.org/au-research/grants/nhmrc/1023526","simplified_title":"Understanding and Combating Bacterial Infections","sub_type":"Clinical CDF","total_budget":"203269.65","source_system":"This project will focus on two important bacteria, Staphylococcus aureus (Golden Staph), and Enterococcus faecium, both causes of serious infections in hospital and community patients in Australia. Using new technologies, including whole genome sequencing, this project will lead to significant advances in understanding how these bacteria evolve, spread and cause disease. This will lead to new strategies for prevention and management of infections caused by these important bacteria."},"children":[{"color":"#336699","name":"Prof Benjamin Howden","data":{"first_name":"Benjamin","title":"Prof","dw_individual_id":"DW0007990","middle_name":"Peter","last_name":"Howden","source_individual_id":"RMIS2658065","node_source":"NHMRC","node_type":"Researcher","source_system":"RMIS","full_name":"Prof Benjamin Howden"},"class":"Researcher","self":"http://localhost:7474/db/data/node/78862","size":1}],"class":"Grant","self":"http://localhost:7474/db/data/node/72594","size":1},{"color":"#FF4D4D","name":"NHMRC Standard Equipment Grant _ 2010","data":{"media_summary":"","end_year":2011,"nhmrc_grant_id":9000072,"application_year":2010,"start_year":2010,"scientific_title":"NHMRC Standard Equipment Grant _ 2010","node_source":"NHMRC","node_type":"Grant","field_of_research":"n-a","research_area":"Not Applicable","for_category":"N-A","cia_name":"Dr Sianna Panagiotopoulos","higher_grant_type":"NHMRC Infrastructure Grants","purl":"http://purl.org/au-research/grants/nhmrc/9000072","simplified_title":"NHMRC Standard Equipment Grant _ 2010","sub_type":"Equipment Grant","total_budget":"8952","source_system":""},"children":[{"color":"#336699","name":"Dr Sianna Panagiotopoulos","data":{"first_name":"Sianna","title":"Dr","dw_individual_id":"DW0003836","middle_name":"","last_name":"Panagiotopoulos","source_individual_id":"RMIS5173","node_source":"NHMRC","node_type":"Researcher","source_system":"RMIS","full_name":"Dr Sianna Panagiotopoulos"},"class":"Researcher","self":"http://localhost:7474/db/data/node/77733","size":1}],"class":"Grant","self":"http://localhost:7474/db/data/node/72279","size":1},{"color":"#FF4D4D","name":"PET imaging agents for the differential diagnosis of hypoxic tumors","data":{"media_summary":"treatment planning","end_year":2014,"keywords":["nuclear medicine","hypoxia","radiolabelling","radiopharmaceuticals","diagnosis"],"nhmrc_grant_id":1011418,"application_year":2010,"health_keywords":["tumour markers","cancer screening","head and neck cancer","stroke","treatment planning"],"scientific_title":"PET imaging agents for the differential diagnosis of hypoxic tumors","start_year":2011,"node_source":"NHMRC","node_type":"Grant","field_of_research":"Cancer Diagnosis","research_area":"Clinical Medicine and Science","for_category":"ONCOLOGY AND CARCINOGENESIS","cia_name":"Dr Uwe Ackermann","higher_grant_type":"NHMRC Project Grants","purl":"http://purl.org/au-research/grants/nhmrc/1011418","simplified_title":"Imaging agents for tumor hypoxia","sub_type":"Standard Project Grant","total_budget":"585429.93","source_system":"Choosing the best type of treatment from the ever increasing arsenal of chemotherapeutic agents against cancer is of critical importance. Tumor hypoxia requires specialized treatment and patient selection. Current PET imaging agents cannot differentiate between severely and mildly hypoxic tumors. We have found a new agent that can detect mildly hypoxic tumors and the aim of this grant application is to further develop this radiotracer to improve image quality and reliability of the diagnosis."},"children":[{"color":"#336699","name":"A/Pr Henri Tochon-Danguy","data":{"first_name":"Henri","title":"A/Pr","dw_individual_id":"DW0034308","middle_name":"J","last_name":"Tochon-Danguy","source_individual_id":"5017956","node_source":"NHMRC","node_type":"Researcher","source_system":"RGMS","full_name":"A/Pr Henri Tochon-Danguy"},"class":"Researcher","self":"http://localhost:7474/db/data/node/85880","size":1},{"color":"#336699","name":"Dr Graeme O'Keefe","data":{"first_name":"Graeme","title":"Dr","dw_individual_id":"DW0027107","middle_name":"J","last_name":"O'Keefe","source_individual_id":"5016779","node_source":"NHMRC","node_type":"Researcher","source_system":"RGMS","full_name":"Dr Graeme O'Keefe"},"class":"Researcher","self":"http://localhost:7474/db/data/node/84006","size":1},{"color":"#336699","name":"Dr Uwe Ackermann","data":{"first_name":"Uwe","title":"Dr","dw_individual_id":"DW0017359","middle_name":"","last_name":"Ackermann","source_individual_id":"5013108","node_source":"NHMRC","node_type":"Researcher","source_system":"RGMS","full_name":"Dr Uwe Ackermann"},"class":"Researcher","self":"http://localhost:7474/db/data/node/81421","size":1},{"color":"#336699","name":"Prof Jonathan White","data":{"first_name":"Jonathan","title":"Prof","dw_individual_id":"DW0017072","middle_name":"Michael","last_name":"White","source_individual_id":"5019536","node_source":"NHMRC","node_type":"Researcher","source_system":"RGMS","full_name":"Prof Jonathan White"},"class":"Researcher","self":"http://localhost:7474/db/data/node/81333","size":1}],"class":"Grant","self":"http://localhost:7474/db/data/node/66782","size":1},{"color":"#FF4D4D","name":"Improving Neurobehavioural Development in Preterm Infants: Identifying Long-term Benefits of Early Stress Reduction","data":{"media_summary":"","end_year":2015,"keywords":["premature infant","neurodevelopment","intervention study","brain development","neonatal intensive care (NICU)"],"nhmrc_grant_id":1010980,"application_year":2010,"health_keywords":["premature infant","brain development","child development"],"scientific_title":"Improving Neurobehavioural Development in Preterm Infants: Identifying Long-term Benefits of Early Stress Reduction","start_year":2011,"node_source":"NHMRC","node_type":"Grant","field_of_research":"Personality, Abilities and Assessment","research_area":"Clinical Medicine and Science","for_category":"PSYCHOLOGY","cia_name":"Prof Jeannette Milgrom","higher_grant_type":"NHMRC Project Grants","purl":"http://purl.org/au-research/grants/nhmrc/1010980","simplified_title":"Long-term Benefits of Early Stress Reduction in Children Born Preterm","sub_type":"Standard Project Grant","total_budget":"495736.11","source_system":"Preterm birth is associated with lower IQ at school-age, more attention-deficit hyperactivity and elevated risk for anxiety and depression. The long-term outcome of these children depends on maximising normal brain and neurological development. Our simple, inexpensive, stress-reduction program is delivered in the hospital nursery. If the short-term benefits we have identified translate into better long-term developmental outcomes it will be an invaluable advance in the care of preterm infants."},"children":[{"color":"#336699","name":"Prof Jeannette Milgrom","data":{"first_name":"Jeannette","title":"Prof","dw_individual_id":"DW0014992","middle_name":"","last_name":"Milgrom","source_individual_id":"RMIS2357707","node_source":"NHMRC","node_type":"Researcher","source_system":"RMIS","full_name":"Prof Jeannette Milgrom"},"class":"Researcher","self":"http://localhost:7474/db/data/node/80762","size":1},{"color":"#336699","name":"Prof Paul Martin","data":{"first_name":"Paul","title":"Prof","dw_individual_id":"DW0003207","middle_name":"Russell","last_name":"Martin","source_individual_id":"RMIS108696","node_source":"NHMRC","node_type":"Researcher","source_system":"RMIS","full_name":"Prof Paul Martin"},"class":"Researcher","self":"http://localhost:7474/db/data/node/77554","size":1}],"class":"Grant","self":"http://localhost:7474/db/data/node/66740","size":1},{"color":"#FF4D4D","name":"Preclinical evaluation of F-18 fluoroethyltriazolyl PEGstilbenes as potential PET imaging agents for Alzheimers disease","data":{"media_summary":"","end_year":2014,"keywords":["Alzheimer's disease","beta amyloid","organic chemistry","positron emission tomography","radiolabeling"],"nhmrc_grant_id":582402,"application_year":2009,"health_keywords":["Alzheimer's disease","Dementia","Non-invasive, pathological diagnosis","cognitive disorders"],"scientific_title":"Preclinical evaluation of F-18 fluoroethyltriazolyl PEGstilbenes as potential PET imaging agents for Alzheimers disease","start_year":2010,"node_source":"NHMRC","node_type":"Grant","field_of_research":"Nuclear Medicine","research_area":"Basic Science","for_category":"CLINICAL SCIENCES","cia_name":"Dr Uwe Ackermann","higher_grant_type":"NHMRC Project Grants","purl":"http://purl.org/au-research/grants/nhmrc/582402","simplified_title":"New PET imaging agents for Alzheimers disease","sub_type":"Standard Project Grant","total_budget":"673238.27","source_system":"Alzheimer's disease (AD) is the most common form of dementia and is becoming am ever increasing burden to the health system due to the aging of our population. Amyloid plaques are considered the hallmark of AD and a technique for their detection in vivo would be a breakthrough, not only for the diagnosis of AD but also for the development of drugs against AD. Nuclear medicine can image tissue function non-invasively. This project aims to develop new imaging agents to improve diagnosis of AD."},"children":[{"color":"#336699","name":"Prof Christopher Rowe","data":{"first_name":"Christopher","title":"Prof","dw_individual_id":"DW0039423","middle_name":"Cleon","last_name":"Rowe","source_individual_id":"5017261","node_source":"NHMRC","node_type":"Researcher","source_system":"RGMS","full_name":"Prof Christopher Rowe"},"class":"Researcher","self":"http://localhost:7474/db/data/node/87223","size":1},{"color":"#336699","name":"A/Pr Henri Tochon-Danguy","data":{"first_name":"Henri","title":"A/Pr","dw_individual_id":"DW0034308","middle_name":"J","last_name":"Tochon-Danguy","source_individual_id":"5017956","node_source":"NHMRC","node_type":"Researcher","source_system":"RGMS","full_name":"A/Pr Henri Tochon-Danguy"},"class":"Researcher","self":"http://localhost:7474/db/data/node/85880","size":1},{"color":"#336699","name":"Dr Uwe Ackermann","data":{"first_name":"Uwe","title":"Dr","dw_individual_id":"DW0017359","middle_name":"","last_name":"Ackermann","source_individual_id":"5013108","node_source":"NHMRC","node_type":"Researcher","source_system":"RGMS","full_name":"Dr Uwe Ackermann"},"class":"Researcher","self":"http://localhost:7474/db/data/node/81421","size":1},{"color":"#336699","name":"Prof Jonathan White","data":{"first_name":"Jonathan","title":"Prof","dw_individual_id":"DW0017072","middle_name":"Michael","last_name":"White","source_individual_id":"5019536","node_source":"NHMRC","node_type":"Researcher","source_system":"RGMS","full_name":"Prof Jonathan White"},"class":"Researcher","self":"http://localhost:7474/db/data/node/81333","size":1}],"class":"Grant","self":"http://localhost:7474/db/data/node/64824","size":1},{"color":"#FF4D4D","name":"Evaluation of [18F]Fluoroethyl triazolyl thymidine, a potential tracer for imaging tumor cell proliferation with PET","data":{"media_summary":"tumour markers","end_year":2013,"keywords":["anti-cancer drugs","cell proliferation","molecular markers","positron emission tomography","radiolabeling"],"nhmrc_grant_id":582401,"application_year":2009,"health_keywords":["cancer follow-up","cancer treatment","mouse models of cancer","positron emission tomography","tumour markers"],"scientific_title":"Evaluation of [18F]Fluoroethyl triazolyl thymidine, a potential tracer for imaging tumor cell proliferation with PET","start_year":2010,"node_source":"NHMRC","node_type":"Grant","field_of_research":"Nuclear Medicine","research_area":"Basic Science","for_category":"CLINICAL SCIENCES","cia_name":"Dr Uwe Ackermann","higher_grant_type":"NHMRC Project Grants","purl":"http://purl.org/au-research/grants/nhmrc/582401","simplified_title":"A new PET imaging agent for tumor growth","sub_type":"Standard Project Grant","total_budget":"325648.66","source_system":"Being able to determine whether a tumor does not respond to treatment would allow doctors to minimize the side effects of chemotherapy by removing ineffective drugs early during treatment. Radioactive Positron Emission Tomography imaging agents which get incorporated into growing DNA of tumors could provide doctors with this information. Unfortunately, a suitable agent is currently not available. This project aims to evaluate such an imaging agent in animal models before and after treatment."},"children":[{"color":"#336699","name":"A/Pr Henri Tochon-Danguy","data":{"first_name":"Henri","title":"A/Pr","dw_individual_id":"DW0034308","middle_name":"J","last_name":"Tochon-Danguy","source_individual_id":"5017956","node_source":"NHMRC","node_type":"Researcher","source_system":"RGMS","full_name":"A/Pr Henri Tochon-Danguy"},"class":"Researcher","self":"http://localhost:7474/db/data/node/85880","size":1},{"color":"#336699","name":"Dr Glenn Cartwright","data":{"first_name":"Glenn","title":"Dr","dw_individual_id":"DW0029829","middle_name":"A","last_name":"Cartwright","source_individual_id":"5013813","node_source":"NHMRC","node_type":"Researcher","source_system":"RGMS","full_name":"Dr Glenn Cartwright"},"class":"Researcher","self":"http://localhost:7474/db/data/node/84722","size":1},{"color":"#336699","name":"Dr Graeme O'Keefe","data":{"first_name":"Graeme","title":"Dr","dw_individual_id":"DW0027107","middle_name":"J","last_name":"O'Keefe","source_individual_id":"5016779","node_source":"NHMRC","node_type":"Researcher","source_system":"RGMS","full_name":"Dr Graeme O'Keefe"},"class":"Researcher","self":"http://localhost:7474/db/data/node/84006","size":1},{"color":"#336699","name":"Dr Uwe Ackermann","data":{"first_name":"Uwe","title":"Dr","dw_individual_id":"DW0017359","middle_name":"","last_name":"Ackermann","source_individual_id":"5013108","node_source":"NHMRC","node_type":"Researcher","source_system":"RGMS","full_name":"Dr Uwe Ackermann"},"class":"Researcher","self":"http://localhost:7474/db/data/node/81421","size":1}],"class":"Grant","self":"http://localhost:7474/db/data/node/64823","size":1},{"color":"#FF4D4D","name":"Equipment Grant","data":{"media_summary":"","end_year":2010,"keywords":["Equipment Grant"],"nhmrc_grant_id":640352,"application_year":2008,"start_year":2009,"scientific_title":"Equipment Grant","node_source":"NHMRC","node_type":"Grant","field_of_research":"n-a","research_area":"Not Applicable","for_category":"N-A","cia_name":"Dr Sianna Panagiotopoulos","higher_grant_type":"NHMRC Infrastructure Grants","purl":"http://purl.org/au-research/grants/nhmrc/640352","simplified_title":"Equipment Grant","sub_type":"Equipment Grant","total_budget":"5971","source_system":""},"children":[{"color":"#336699","name":"Dr Sianna Panagiotopoulos","data":{"first_name":"Sianna","title":"Dr","dw_individual_id":"DW0003836","middle_name":"","last_name":"Panagiotopoulos","source_individual_id":"RMIS5173","node_source":"NHMRC","node_type":"Researcher","source_system":"RMIS","full_name":"Dr Sianna Panagiotopoulos"},"class":"Researcher","self":"http://localhost:7474/db/data/node/77733","size":1}],"class":"Grant","self":"http://localhost:7474/db/data/node/64814","size":1},{"color":"#FF4D4D","name":"equipment grant","data":{"media_summary":"","end_year":2008,"nhmrc_grant_id":580046,"application_year":2007,"start_year":2008,"scientific_title":"equipment grant","node_source":"NHMRC","node_type":"Grant","field_of_research":"n-a","research_area":"Not Applicable","for_category":"N-A","cia_name":"Dr Sianna Panagiotopoulos","higher_grant_type":"NHMRC Infrastructure Grants","purl":"http://purl.org/au-research/grants/nhmrc/580046","simplified_title":"equipment grant","sub_type":"Equipment Grant","total_budget":"11038","source_system":""},"children":[{"color":"#336699","name":"Dr Sianna Panagiotopoulos","data":{"first_name":"Sianna","title":"Dr","dw_individual_id":"DW0003836","middle_name":"","last_name":"Panagiotopoulos","source_individual_id":"RMIS5173","node_source":"NHMRC","node_type":"Researcher","source_system":"RMIS","full_name":"Dr Sianna Panagiotopoulos"},"class":"Researcher","self":"http://localhost:7474/db/data/node/77733","size":1}],"class":"Grant","self":"http://localhost:7474/db/data/node/63486","size":1},{"color":"#FF4D4D","name":"Novel tools for the imaging of tumor hypoxia using PET","data":{"media_summary":"","end_year":2011,"keywords":["Hypoxiain oncology","Positron emission tomography","Tumor response to treatment"],"nhmrc_grant_id":469002,"application_year":2007,"health_keywords":["Growth factor overexpression","Tumor hypoxia","renal cell carcinoma","squamous cell carcinoma"],"scientific_title":"Novel tools for the imaging of tumor hypoxia using PET","start_year":2008,"node_source":"NHMRC","node_type":"Grant","field_of_research":"Radiotherapy and Nuclear Medicine","research_area":"Basic Science","for_category":"CLINICAL SCIENCES","cia_name":"Dr Uwe Ackermann","higher_grant_type":"NHMRC Project Grants","purl":"http://purl.org/au-research/grants/nhmrc/469002","simplified_title":"Imaging of tumor oxygen levels using nuclear medicine","sub_type":"Standard Project Grant","total_budget":"727855.97","source_system":"Fast growing tumors often outgrow the ability of blood vessels to properly supply them with nutrients and oxygen. This creates tissue areas within the tumor that are lacking oxygen and are highly resistant to radiotherapy and chemotherapy. Imaging these areas using nuclear medicine techniques has now become important for therapy planning of cancer sufferers. This project aims to improve the properties of the existing agents in order to better select patients for a particular type of treatment."},"children":[{"color":"#336699","name":"A/Pr Henri Tochon-Danguy","data":{"first_name":"Henri","title":"A/Pr","dw_individual_id":"DW0034308","middle_name":"J","last_name":"Tochon-Danguy","source_individual_id":"5017956","node_source":"NHMRC","node_type":"Researcher","source_system":"RGMS","full_name":"A/Pr Henri Tochon-Danguy"},"class":"Researcher","self":"http://localhost:7474/db/data/node/85880","size":1},{"color":"#336699","name":"Dr Uwe Ackermann","data":{"first_name":"Uwe","title":"Dr","dw_individual_id":"DW0017359","middle_name":"","last_name":"Ackermann","source_individual_id":"5013108","node_source":"NHMRC","node_type":"Researcher","source_system":"RGMS","full_name":"Dr Uwe Ackermann"},"class":"Researcher","self":"http://localhost:7474/db/data/node/81421","size":1},{"color":"#336699","name":"Prof Jonathan White","data":{"first_name":"Jonathan","title":"Prof","dw_individual_id":"DW0017072","middle_name":"Michael","last_name":"White","source_individual_id":"5019536","node_source":"NHMRC","node_type":"Researcher","source_system":"RGMS","full_name":"Prof Jonathan White"},"class":"Researcher","self":"http://localhost:7474/db/data/node/81333","size":1}],"class":"Grant","self":"http://localhost:7474/db/data/node/62209","size":1},{"color":"#FF4D4D","name":"Practitioner Fellowship","data":{"media_summary":"","end_year":2012,"keywords":["Acute renal failure","Clinical trials","Dialysis","Intensive care","Sepsis"],"nhmrc_grant_id":469001,"application_year":2007,"start_year":2008,"scientific_title":"Practitioner Fellowship","node_source":"NHMRC","node_type":"Grant","field_of_research":"Intensive Care","research_area":"Clinical Medicine and Science","for_category":"CLINICAL SCIENCES","cia_name":"Prof Rinaldo Bellomo","higher_grant_type":"NHMRC Research Fellowships","purl":"http://purl.org/au-research/grants/nhmrc/469001","simplified_title":"Practitioner Fellowship","sub_type":"Practitioner Fellowship","total_budget":"220291.64","source_system":"I am an intensive care clinician who performs clinical trials and experimental large animal research in multiple aspects of acute and intensive care medicine"},"children":[{"color":"#336699","name":"Prof Rinaldo Bellomo","data":{"first_name":"Rinaldo","title":"Prof","dw_individual_id":"DW0017677","middle_name":"","last_name":"Bellomo","source_individual_id":"5012506","node_source":"NHMRC","node_type":"Researcher","source_system":"RGMS","full_name":"Prof Rinaldo Bellomo"},"class":"Researcher","self":"http://localhost:7474/db/data/node/81516","size":1}],"class":"Grant","self":"http://localhost:7474/db/data/node/62208","size":1},{"color":"#FF4D4D","name":"Equipment Grant","data":{"media_summary":"","end_year":2008,"keywords":["Equipment Grant"],"nhmrc_grant_id":520901,"application_year":2006,"start_year":2008,"scientific_title":"Equipment Grant","node_source":"NHMRC","node_type":"Grant","field_of_research":"n-a","research_area":"Not Applicable","for_category":"N-A","cia_name":"Dr Sianna Panagiotopoulos","higher_grant_type":"NHMRC Infrastructure Grants","purl":"http://purl.org/au-research/grants/nhmrc/520901","simplified_title":"Equipment Grant","sub_type":"Equipment Grant","total_budget":"8349","source_system":""},"children":[{"color":"#336699","name":"Dr Sianna Panagiotopoulos","data":{"first_name":"Sianna","title":"Dr","dw_individual_id":"DW0003836","middle_name":"","last_name":"Panagiotopoulos","source_individual_id":"RMIS5173","node_source":"NHMRC","node_type":"Researcher","source_system":"RMIS","full_name":"Dr Sianna Panagiotopoulos"},"class":"Researcher","self":"http://localhost:7474/db/data/node/77733","size":1}],"class":"Grant","self":"http://localhost:7474/db/data/node/62144","size":1},{"color":"#FF4D4D","name":"Biomarkers and EGFR inhibitor treatment of Lung Cancer","data":{"media_summary":"","end_year":2009,"keywords":["antibody","anticancer drugs","epidermal growth factor receptor","lung cancer"],"nhmrc_grant_id":415903,"application_year":2006,"health_keywords":["cancer therapy","lung cancer","target therapy"],"scientific_title":"Biomarkers and EGFR inhibitor treatment of Lung Cancer","start_year":2007,"node_source":"NHMRC","node_type":"Grant","field_of_research":"Oncology and Carcinogenesis","research_area":"Clinical Medicine and Science","for_category":"CLINICAL SCIENCES","cia_name":"Dr Paul Mitchell","higher_grant_type":"NHMRC Project Grants","purl":"http://purl.org/au-research/grants/nhmrc/415903","simplified_title":"Biomarkers and EGFR inhibitor treatment of Lung Cancer","sub_type":"Standard Project Grant","total_budget":"286328.39","source_system":"Non-Small Cell Lung Cancer (NSCLC) remains the most frequent cause of cancer death in the Australian population. This laboratory research will involve researchers across a number of centres in Australia. The research is focused on the effects of a new targeted cancer drug called cetuximab. The Epidermal Growth Factor Receptor (EGFR) pathway is an important cause of NSCLC in many patients, and this is blocked by cetuximab. The advent of new targeted cancer therapies, which block specific cancer pathways in the cell, has highlighted the need for detailed knowledge about how these therapies work at the molecular level, so that we can make best use of them. The laboratory studies will be on tissues taken from patients with NSCLC who are receiving chemotherapy then going on to surgery to have the cancers removed. Tumour samples will be taken prior to treatment, and then the surgical resection will also be analysed. Sequential blood samples will also be taken. Prior to surgery, patients will receive a 9 week course of chemotherapy with cisplatin and docetaxel to shrink the cancer. In addition, some patients will be randomised to receive cetuximab along with chemotherapy. In the laboratory, we will investigate whether various measures of activation of the EGFR pathway in the cancer and in blood predict for response to cetuximab. We will also investigate how the changes in tumour with cetuximab treatment differ from tumours not treated with the drug. We will be examining the genes and proteins of EGFR and those of a number of related pathways. a number of related receptor, along with From this we will attempt to understand which patients benefit most from the drug and also in what specific ways the cancer cells are affected by the treatment."},"children":[{"color":"#336699","name":"Prof Edouard Nice","data":{"first_name":"Edouard","title":"Prof","dw_individual_id":"DW0027033","middle_name":"C","last_name":"Nice","source_individual_id":"RMIS452792","node_source":"NHMRC","node_type":"Researcher","source_system":"RMIS","full_name":"Prof Edouard Nice"},"class":"Researcher","self":"http://localhost:7474/db/data/node/83994","size":1},{"color":"#336699","name":"A/Pr Adrienne Morey","data":{"first_name":"Adrienne","title":"A/Pr","dw_individual_id":"DW0015064","middle_name":"L","last_name":"Morey","source_individual_id":"RMIS4530547","node_source":"NHMRC","node_type":"Researcher","source_system":"RMIS","full_name":"A/Pr Adrienne Morey"},"class":"Researcher","self":"http://localhost:7474/db/data/node/80777","size":1},{"color":"#336699","name":"A/Pr Alexander Dobrovic","data":{"first_name":"Alexander","title":"A/Pr","dw_individual_id":"DW0006998","middle_name":"","last_name":"Dobrovic","source_individual_id":"RMIS17767","node_source":"NHMRC","node_type":"Researcher","source_system":"RMIS","full_name":"A/Pr Alexander Dobrovic"},"class":"Researcher","self":"http://localhost:7474/db/data/node/78599","size":1},{"color":"#336699","name":"A/Pr Paul Mitchell","data":{"first_name":"Paul","title":"A/Pr","dw_individual_id":"DW0003431","middle_name":"Leslie Ross","last_name":"Mitchell","source_individual_id":"5025874","node_source":"NHMRC","node_type":"Researcher","source_system":"RGMS","full_name":"A/Pr Paul Mitchell"},"class":"Researcher","self":"http://localhost:7474/db/data/node/77616","size":1}],"class":"Grant","self":"http://localhost:7474/db/data/node/60973","size":1},{"color":"#FF4D4D","name":"Equipment Grant","data":{"media_summary":"","end_year":2008,"keywords":["Equipment"],"nhmrc_grant_id":467257,"application_year":2005,"start_year":2008,"scientific_title":"Equipment Grant","node_source":"NHMRC","node_type":"Grant","field_of_research":"n-a","research_area":"Not Applicable","for_category":"N-A","cia_name":"Dr Sianna Panagiotopoulos","higher_grant_type":"NHMRC Infrastructure Grants","purl":"http://purl.org/au-research/grants/nhmrc/467257","simplified_title":"Equipment Grant","sub_type":"Equipment Grant","total_budget":"8045","source_system":""},"children":[{"color":"#336699","name":"Dr Sianna Panagiotopoulos","data":{"first_name":"Sianna","title":"Dr","dw_individual_id":"DW0003836","middle_name":"","last_name":"Panagiotopoulos","source_individual_id":"RMIS5173","node_source":"NHMRC","node_type":"Researcher","source_system":"RMIS","full_name":"Dr Sianna Panagiotopoulos"},"class":"Researcher","self":"http://localhost:7474/db/data/node/77733","size":1}],"class":"Grant","self":"http://localhost:7474/db/data/node/60960","size":1},{"color":"#FF4D4D","name":"A novel sensory nerve stimulator to improve neuropathy in patients with diabetes","data":{"media_summary":"","end_year":2008,"keywords":["Diabetic peripheral neuropathy","nerve stimulation","neurogenic inflammation","skin"],"nhmrc_grant_id":385004,"application_year":2005,"health_keywords":["Diabetes","Foot ulceration","Lower Extremity Amputation","diabetic peripheral neuropathy"],"scientific_title":"A novel sensory nerve stimulator to improve neuropathy in patients with diabetes","start_year":2006,"node_source":"NHMRC","node_type":"Grant","field_of_research":"Therapies and Therapeutic Technology","research_area":"Clinical Medicine and Science","for_category":"OTHER MEDICAL AND HEALTH SCIENCES","cia_name":"A/Pr Zeinab Khalil","higher_grant_type":"NHMRC Project Grants","purl":"http://purl.org/au-research/grants/nhmrc/385004","simplified_title":"A novel sensory nerve stimulator to improve neuropathy in patients with diabetes","sub_type":"Standard Project Grant","total_budget":"407924.15","source_system":"We have developed a painless, self-applied, cheap, battery powered electrical stimulation treatment that improves sensory nerve function in some people with diabetic peripheral neuropathy. We have tested this technique in laboratory animals and in people with diabetes and have shown it is effective in some. We now propose to test this technique in a large sample of people similar to the participants in the successful group of our pilot study - 55-65 year old people with diabetes of shorter duration. In addition, older people up to 75 years of age, with up to 10 years duration of diabetes will be included separately. If successful, the electrical stimulation could improve sensation leading to fewer ulcerations and amputations. Much suffering and expense would be avoided. - The magnitude of reduction in suffering and expense can be judged from the fact that people with diabetes have 15 times the risk of amputation as do people without diabetes. In Australia half of non-traumatic amputations are done to people with diabetes. Foot ulcers precede amputations in most cases, and in themselves cause much suffering and expense. Australia needs to act on this now because, if current trends continue, the number of people with diabetes will increase as the population ages. -The number of people aged over 65 will increase from around 2.3 million at present to over 6 million in the next half century. The increase in those over 85 will be even more marked with numbers increasing four fold to over one million people. Diabetes affects approximately 23% of people aged 75 or older."},"children":[{"color":"#336699","name":"Prof Zeinab Khalil","data":{"first_name":"Zeinab","title":"Prof","dw_individual_id":"DW0037748","middle_name":"","last_name":"Khalil","source_individual_id":"RMIS102907","node_source":"NHMRC","node_type":"Researcher","source_system":"RMIS","full_name":"Prof Zeinab Khalil"},"class":"Researcher","self":"http://localhost:7474/db/data/node/86773","size":1},{"color":"#336699","name":"Prof Peteris Darzins","data":{"first_name":"Peteris","title":"Prof","dw_individual_id":"DW0030254","middle_name":"","last_name":"Darzins","source_individual_id":"RMIS221263","node_source":"NHMRC","node_type":"Researcher","source_system":"RMIS","full_name":"Prof Peteris Darzins"},"class":"Researcher","self":"http://localhost:7474/db/data/node/84844","size":1},{"color":"#336699","name":"Dr Rajna Ogrin","data":{"first_name":"Rajna","title":"Dr","dw_individual_id":"DW0021232","middle_name":"","last_name":"Ogrin","source_individual_id":"RMIS1366677","node_source":"NHMRC","node_type":"Researcher","source_system":"RMIS","full_name":"Dr Rajna Ogrin"},"class":"Researcher","self":"http://localhost:7474/db/data/node/82446","size":1}],"class":"Grant","self":"http://localhost:7474/db/data/node/60196","size":1},{"color":"#FF4D4D","name":"Improving neurobehavioural development in preterm infants: A randomised   controlled trial of a neonatal intervention","data":{"media_summary":"stress","end_year":2009,"keywords":["developmental outcomes","early brain development","postnatal care","prematurity","psychosocial factors"],"nhmrc_grant_id":364902,"application_year":2005,"health_keywords":["brain development","infant development","low birth weight infants","psychosocial contributors to outcomes","stress"],"scientific_title":"Improving neurobehavioural development in preterm infants: A randomised   controlled trial of a neonatal intervention","start_year":2006,"node_source":"NHMRC","node_type":"Grant","field_of_research":"Psychology not elsewhere classified","research_area":"Public Health","for_category":"PSYCHOLOGY","cia_name":"Prof Jeannette Milgrom","higher_grant_type":"NHMRC Project Grants","purl":"http://purl.org/au-research/grants/nhmrc/364902","simplified_title":"Intervention to improve brain, intellectual and behavioural development of premature infants","sub_type":"Standard Project Grant","total_budget":"680920.55","source_system":"Up to 50% of preterm infants will have one or more developmental difficulties. While medical complications are implicated in these problems, recent evidence points to the added effect of the infant's early environment. Hospitalised premature infants experience stress from necessary but painful hospital procedures, overstimulation and maternal deprivation. Evidence, largely from animal studies, suggests stressful early experience negatively affects brain development. We also know that premature infants find it difficult to handle stress as they are highly disorganised neurobehaviourally. The primary aim of this study is to assess the effectiveness of a parent-based intervention in enhancing neurobehavioural development at two years of age in very premature infants. It is predicted that this stress-reduction intervention will also enhance medical stability,normal brain development, parent-child interaction and parental mental health. The intervention to be trialled involves intensive training of parents of very premature infants, and in the 12 weeks following birth the parents will be the change agents. A randomised controlled trial comparing intervention and control groups will be undertaken to assess the effectiveness of this intervention. Assessments of early brain and 2 year intellectual, emotional and behavioural development will provide important outcome measures. A major strength of this study is the inclusion of advanced Magnetic Resonance Imaging (MRI) technology as it enables differences in brain development between the intervention and control group to be assessed, the association between brain and neurobehavioural development to be explored, and the impact of stress on early brain development to be investigated. This intervention is relatively simple and inexpensive, and would be a valuable contribution to neonatal care if found to be effective in enhancing brain and neurobehavioural development."},"children":[{"color":"#336699","name":"Prof Terrie Inder","data":{"first_name":"Terrie","title":"Prof","dw_individual_id":"DW0037450","middle_name":"E","last_name":"Inder","source_individual_id":"5015414","node_source":"NHMRC","node_type":"Researcher","source_system":"RGMS","full_name":"Prof Terrie Inder"},"class":"Researcher","self":"http://localhost:7474/db/data/node/86700","size":1},{"color":"#336699","name":"Prof Jeannette Milgrom","data":{"first_name":"Jeannette","title":"Prof","dw_individual_id":"DW0014992","middle_name":"","last_name":"Milgrom","source_individual_id":"RMIS2357707","node_source":"NHMRC","node_type":"Researcher","source_system":"RMIS","full_name":"Prof Jeannette Milgrom"},"class":"Researcher","self":"http://localhost:7474/db/data/node/80762","size":1},{"color":"#336699","name":"Prof Paul Martin","data":{"first_name":"Paul","title":"Prof","dw_individual_id":"DW0003207","middle_name":"Russell","last_name":"Martin","source_individual_id":"RMIS108696","node_source":"NHMRC","node_type":"Researcher","source_system":"RMIS","full_name":"Prof Paul Martin"},"class":"Researcher","self":"http://localhost:7474/db/data/node/77554","size":1}],"class":"Grant","self":"http://localhost:7474/db/data/node/6819","size":1},{"color":"#FF4D4D","name":"Equipment Grant","data":{"media_summary":"","end_year":2005,"keywords":["Equipment Grant"],"nhmrc_grant_id":361610,"application_year":2003,"start_year":2005,"scientific_title":"Equipment Grant","node_source":"NHMRC","node_type":"Grant","field_of_research":"n-a","research_area":"Not Applicable","for_category":"N-A","cia_name":"Dr Sianna Panagiotopoulos","higher_grant_type":"NHMRC Infrastructure Grants","purl":"http://purl.org/au-research/grants/nhmrc/361610","simplified_title":"Equipment Grant","sub_type":"Equipment Grant","total_budget":"6128","source_system":""},"children":[{"color":"#336699","name":"Dr Sianna Panagiotopoulos","data":{"first_name":"Sianna","title":"Dr","dw_individual_id":"DW0003836","middle_name":"","last_name":"Panagiotopoulos","source_individual_id":"RMIS5173","node_source":"NHMRC","node_type":"Researcher","source_system":"RMIS","full_name":"Dr Sianna Panagiotopoulos"},"class":"Researcher","self":"http://localhost:7474/db/data/node/77733","size":1}],"class":"Grant","self":"http://localhost:7474/db/data/node/5792","size":1},{"color":"#FF4D4D","name":"Normoalbuminuric and albuminuric pathways to renal insufficiency in type 2 diabetes","data":{"media_summary":"","end_year":2006,"keywords":["albuminuria","diabetic nephropathy","glomerular filtration rate","glomerulosclerosis","renal insufficiency"],"nhmrc_grant_id":266505,"application_year":2003,"health_keywords":["chronic renal disease","diabetic complications","diabetic nephropathy"],"scientific_title":"Normoalbuminuric and albuminuric pathways to renal insufficiency in type 2 diabetes","start_year":2004,"node_source":"NHMRC","node_type":"Grant","field_of_research":"Nephrology and Urology","research_area":"Clinical Medicine and Science","for_category":"CLINICAL SCIENCES","cia_name":"Prof George Jerums","higher_grant_type":"NHMRC Project Grants","purl":"http://purl.org/au-research/grants/nhmrc/266505","simplified_title":"Markers and mediators of diabetic renal insufficiency","sub_type":"Standard Project Grant","total_budget":"288900","source_system":"Up to one third of patients with type 2 diabetes develop kidney disease (diabetic nephropathy). An increase in protein excretion in the urine (albuminuria) is usually the first sign of kidney disease. Albuminuria usually progresses from normal levels to an intermediate phase (microalbuminuria) lasting 5-10 years and is then followed by overt nephropathy (macroalbuminuria). It has been traditionally believed that onset of a decline in kidney function, measured as glomerular filtration rate, accompanies the development of diabetic kidney disease. However, recent studies by our group have shown that about one quarter of patients with type 2 diabetes have impaired kidney function without an increase in albuminuria. This raises the possibility that an alternate non-albuminuric pathway leads to kidney disease in a subgroup of patients with type 2 diabetes. This study will compare kidney structure and function in patients with type 2 diabetes and impaired kidney function with or without increases in albuminuria. The comparison will be accompanied by measurements of the rate of decline in kidney function over 5 years or more, in subjects with or without increases in albuminuria in order to confirm that kidney function may decline independently of albuminuria. The demonstration of alternate mechanisms of renal injury has the potential to identify new targets for the treatment of kidney disease in patients with type 2 diabetes."},"children":[{"color":"#336699","name":"Prof David Power","data":{"first_name":"David","title":"Prof","dw_individual_id":"DW0027405","middle_name":"Anthony","last_name":"Power","source_individual_id":"RMIS60084","node_source":"NHMRC","node_type":"Researcher","source_system":"RMIS","full_name":"Prof David Power"},"class":"Researcher","self":"http://localhost:7474/db/data/node/84076","size":1},{"color":"#336699","name":"Prof George Jerums","data":{"first_name":"George","title":"Prof","dw_individual_id":"DW0025771","middle_name":"","last_name":"Jerums","source_individual_id":"RMIS6566","node_source":"NHMRC","node_type":"Researcher","source_system":"RMIS","full_name":"Prof George Jerums"},"class":"Researcher","self":"http://localhost:7474/db/data/node/83640","size":1},{"color":"#336699","name":"Prof Richard Macisaac","data":{"first_name":"Richard","title":"Prof","dw_individual_id":"DW0014601","middle_name":"J","last_name":"Macisaac","source_individual_id":"5016131","node_source":"NHMRC","node_type":"Researcher","source_system":"RGMS","full_name":"Prof Richard Macisaac"},"class":"Researcher","self":"http://localhost:7474/db/data/node/80651","size":1},{"color":"#336699","name":"Dr Sianna Panagiotopoulos","data":{"first_name":"Sianna","title":"Dr","dw_individual_id":"DW0003836","middle_name":"","last_name":"Panagiotopoulos","source_individual_id":"RMIS5173","node_source":"NHMRC","node_type":"Researcher","source_system":"RMIS","full_name":"Dr Sianna Panagiotopoulos"},"class":"Researcher","self":"http://localhost:7474/db/data/node/77733","size":1}],"class":"Grant","self":"http://localhost:7474/db/data/node/4930","size":1},{"color":"#FF4D4D","name":"Saline versus Albumin Fluid Evaluation and Medical Emergency Response and Intervention Trial","data":{"media_summary":"","end_year":2007,"keywords":["Cardiac Arrest","Critical Illness","Intensive Care","Intravenous Fluids","Resuscitation"],"nhmrc_grant_id":262303,"application_year":2002,"start_year":2003,"scientific_title":"Saline versus Albumin Fluid Evaluation and Medical Emergency Response and Intervention Trial","node_source":"NHMRC","node_type":"Grant","field_of_research":"Clinical Sciences not elsewhere classified","research_area":"Clinical Medicine and Science","for_category":"CLINICAL SCIENCES","cia_name":"Prof Rinaldo Bellomo","higher_grant_type":"NHMRC Research Fellowships","purl":"http://purl.org/au-research/grants/nhmrc/262303","simplified_title":"Saline versus Albumin Fluid Evaluation and Medical Emergency Response and Intervention Trial","sub_type":"Practitioner Fellowship","total_budget":"198975","source_system":""},"children":[{"color":"#336699","name":"Prof Rinaldo Bellomo","data":{"first_name":"Rinaldo","title":"Prof","dw_individual_id":"DW0017677","middle_name":"","last_name":"Bellomo","source_individual_id":"5012506","node_source":"NHMRC","node_type":"Researcher","source_system":"RGMS","full_name":"Prof Rinaldo Bellomo"},"class":"Researcher","self":"http://localhost:7474/db/data/node/81516","size":1}],"class":"Grant","self":"http://localhost:7474/db/data/node/4777","size":1},{"color":"#FF4D4D","name":"The role of vasoactive hormones in the pathogenesis of hepatic fibrosis","data":{"media_summary":"","end_year":2004,"keywords":["Endothelins","Fibrosis","Neutral endopeptidase","Renin-angiotensin aldosterone system","TGF-beta"],"nhmrc_grant_id":181300,"application_year":2001,"health_keywords":["Cirrhosis","Hepatic fibrosis","Liver disease"],"scientific_title":"The role of vasoactive hormones in the pathogenesis of hepatic fibrosis","start_year":2002,"node_source":"NHMRC","node_type":"Grant","field_of_research":"Gastroenterology and Hepatology","research_area":"Clinical Medicine and Science","for_category":"CLINICAL SCIENCES","cia_name":"Prof Peter Angus","higher_grant_type":"NHMRC Project Grants","purl":"http://purl.org/au-research/grants/nhmrc/181300","simplified_title":"The role of hormones in liver injury","sub_type":"Standard Project Grant","total_budget":"271320","source_system":"One of the most important consequences of chronic liver disease is the development of progressive liver fibrosis or scarring. This process is responsible for many of the life-threatening complications of liver disease, however, the mechanisms responsible are not completely understood and there are no established treatments. The aetiologies of cirrhosis, or scarring of the liver, are many and vary from viral hepatitis to inherited and autoimmune disorders. Regardless of the cause, it appears that fibrosis develops down a common pathway leading to eventual cirrhosis. We will study the pathways that are thought to be involved in the stimulation of liver scarring, in particular, focusing on those that lead to its activation and perpetuation. It is hypothesised that these pathways will prove to be potential targets for the treatment and prevention of liver fibrosis."},"children":[{"color":"#336699","name":"Prof Louise Burrell","data":{"first_name":"Louise","title":"Prof","dw_individual_id":"DW0041380","middle_name":"M","last_name":"Burrell","source_individual_id":"RMIS151859","node_source":"NHMRC","node_type":"Researcher","source_system":"RMIS","full_name":"Prof Louise Burrell"},"class":"Researcher","self":"http://localhost:7474/db/data/node/87729","size":1},{"color":"#336699","name":"Prof Peter Angus","data":{"first_name":"Peter","title":"Prof","dw_individual_id":"DW0035115","middle_name":"William","last_name":"Angus","source_individual_id":"5013205","node_source":"NHMRC","node_type":"Researcher","source_system":"RGMS","full_name":"Prof Peter Angus"},"class":"Researcher","self":"http://localhost:7474/db/data/node/86103","size":1}],"class":"Grant","self":"http://localhost:7474/db/data/node/3003","size":1},{"color":"#FF4D4D","name":"Cardiorespiratory and neuropsychologic impairment in mild sleep apnoea","data":{"media_summary":"","end_year":2000,"keywords":["SLEEP APNOEA","MORBIDITY","TREATMENT","CARDIORESPIRATORY","NEUROPSYCHOLOGIC"],"nhmrc_grant_id":981031,"application_year":1997,"start_year":1998,"scientific_title":"Cardiorespiratory and neuropsychologic impairment in mild sleep apnoea","node_source":"NHMRC","node_type":"Grant","field_of_research":"Respiratory Diseases","research_area":"Clinical Medicine and Science","for_category":"CLINICAL SCIENCES","cia_name":"Prof Robert Pierce","higher_grant_type":"NHMRC Project Grants","purl":"http://purl.org/au-research/grants/nhmrc/981031","simplified_title":"Impairment in mild obstructive sleep apnoea","sub_type":"Standard Project Grant","total_budget":"252787.67","source_system":""},"children":[{"color":"#336699","name":"Prof Robert Pierce","data":{"first_name":"Robert","title":"Prof","dw_individual_id":"DW0044833","middle_name":"J","last_name":"Pierce","source_individual_id":"5016994","node_source":"NHMRC","node_type":"Researcher","source_system":"RGMS","full_name":"Prof Robert Pierce"},"class":"Researcher","self":"http://localhost:7474/db/data/node/88602","size":1}],"class":"Grant","self":"http://localhost:7474/db/data/node/534","size":1},{"color":"#FF4D4D","name":"Clinical Neurosciences: Epilepsy and Stroke","data":{"media_summary":"","end_year":2001,"nhmrc_grant_id":973734,"application_year":1996,"start_year":1998,"scientific_title":"Clinical Neurosciences: Epilepsy and Stroke","node_source":"NHMRC","node_type":"Grant","field_of_research":"Neurosciences not elsewhere classified","research_area":"Clinical Medicine and Science","for_category":"NEUROSCIENCES","cia_name":"Prof Geoffrey Donnan","higher_grant_type":"Centre for Research Excellence","purl":"http://purl.org/au-research/grants/nhmrc/973734","simplified_title":"Clinical Neurosciences: Epilepsy and Stroke","sub_type":"Centre of Clinical Excellence","total_budget":"700000","source_system":""},"children":[{"color":"#336699","name":"Prof Geoffrey Donnan","data":{"first_name":"Geoffrey","title":"Prof","dw_individual_id":"DW0042081","middle_name":"Alan","last_name":"Donnan","source_individual_id":"5012193","node_source":"NHMRC","node_type":"Researcher","source_system":"RGMS","full_name":"Prof Geoffrey Donnan"},"class":"Researcher","self":"http://localhost:7474/db/data/node/87911","size":1}],"class":"Grant","self":"http://localhost:7474/db/data/node/165","size":1},{"color":"#FF4D4D","name":"Altered gene expression in cardiac hypertrophy","data":{"media_summary":"","end_year":2000,"keywords":["MYOCARDIAL INFARCTIO","CONTRACTILE PROTEINS","GENE INDUCTION","CARDIAC HYPERTROPHY","RECEPTOR ANTAGONISM"],"nhmrc_grant_id":947582,"application_year":1993,"start_year":1996,"scientific_title":"Altered gene expression in cardiac hypertrophy","node_source":"NHMRC","node_type":"Grant","field_of_research":"Cardiology (incl. Cardiovascular Diseases)","research_area":"Basic Science","for_category":"CLINICAL SCIENCES","cia_name":"Dr Richard Young","higher_grant_type":"NHMRC Postgraduate Scholarships","purl":"http://purl.org/au-research/grants/nhmrc/947582","simplified_title":"Altered gene expression in cardiac hypertrophy","sub_type":"Dora Lush Biomedical Postgraduate Scholarship","total_budget":"58638.01","source_system":""},"children":[{"color":"#336699","name":"Dr Richard Young","data":{"first_name":"Richard","title":"Dr","dw_individual_id":"DW0017297","middle_name":"Lewis","last_name":"Young","source_individual_id":"5018555","node_source":"NHMRC","node_type":"Researcher","source_system":"RGMS","full_name":"Dr Richard Young"},"class":"Researcher","self":"http://localhost:7474/db/data/node/81404","size":1}],"class":"Grant","self":"http://localhost:7474/db/data/node/4","size":1}],"class":"Institution","self":"http://localhost:7474/db/data/node/3","size":1}