{"color":"#0066FF","name":"Victorian Aboriginal Health Service","data":{"source":"NHMRC","name":"Victorian Aboriginal Health Service","state":"VIC","type":"Government","node_source":"NHMRC","node_type":"Institution"},"children":[{"color":"#FF4D4D","name":"Barriers to accessing mainstream drug and alcohol services by Kooris who use injecting drugs","data":{"media_summary":"","end_year":2002,"keywords":["Drug service","Harm minimisation","Injecting drug use","Koori health","Service access"],"nhmrc_grant_id":170225,"application_year":2000,"start_year":2001,"scientific_title":"Barriers to accessing mainstream drug and alcohol services by Kooris who use injecting drugs","node_source":"NHMRC","node_type":"Grant","field_of_research":"","research_area":"Public Health","for_category":"","cia_name":"Prof Ian Anderson","higher_grant_type":"NHMRC Strategic Awards","purl":"http://purl.org/au-research/grants/nhmrc/170225","simplified_title":"Barriers to accessing mainstream drug and alcohol services by Kooris who use injecting drugs","sub_type":"NIDS Project - National Illicit Drugs Strategy 26","total_budget":"126456","source_system":""},"children":[{"color":"#336699","name":"Prof Ian Anderson","data":{"first_name":"Ian","title":"Prof","dw_individual_id":"DW0040809","middle_name":"Philip Smith","last_name":"Anderson","source_individual_id":"RMIS3927","node_source":"NHMRC","node_type":"Researcher","source_system":"RMIS","full_name":"Prof Ian Anderson"},"class":"Researcher","self":"http://localhost:7474/db/data/node/87583","size":1}],"class":"Grant","self":"http://localhost:7474/db/data/node/2952","size":1},{"color":"#FF4D4D","name":"Developing a HIV and HepC Risk Reduction Program for IDU in the Melbourne Koori Community","data":{"media_summary":"","end_year":2001,"nhmrc_grant_id":956084,"application_year":1994,"start_year":1995,"scientific_title":"Developing a HIV and HepC Risk Reduction Program for IDU in the Melbourne Koori Community","node_source":"NHMRC","node_type":"Grant","field_of_research":"Medical Virology","research_area":"Basic Science","for_category":"MEDICAL MICROBIOLOGY","cia_name":"Prof Ian Anderson","higher_grant_type":"NHMRC Strategic Awards","purl":"http://purl.org/au-research/grants/nhmrc/956084","simplified_title":"Developing a HIV and HepC Risk Reduction Program for IDU in the Melbourne Koori Community","sub_type":"Project Grant","total_budget":"463021.99","source_system":""},"children":[{"color":"#336699","name":"Prof Ian Anderson","data":{"first_name":"Ian","title":"Prof","dw_individual_id":"DW0040809","middle_name":"Philip Smith","last_name":"Anderson","source_individual_id":"RMIS3927","node_source":"NHMRC","node_type":"Researcher","source_system":"RMIS","full_name":"Prof Ian Anderson"},"class":"Researcher","self":"http://localhost:7474/db/data/node/87583","size":1}],"class":"Grant","self":"http://localhost:7474/db/data/node/6","size":1}],"class":"Institution","self":"http://localhost:7474/db/data/node/5","size":1}