{"index":{"University of Adelaide":"0.json","Monash University":"28.json","Ludwig Institute for Cancer Research":"20.json","La Trobe University":"10.json","Victorian Aboriginal Health Service":"5.json","University of New South Wales":"7.json","University of Queensland":"22.json","University of Sydney":"13.json","Austin Hospital Medical Research Foundation":"3.json","University of Melbourne":"16.json"},"legend":{"Grant":"#FF4D4D","Dataset":"#123456","Publication":"#666666","Institution":"#0066FF","Researcher":"#336699"},"select":"Institution: ","comments":"10 Insitutions and max 1000 grants has been selected. Click on node to view it's parameters. Double click on it to collapse or expand."}