{"color":"#FF4D4D","name":"New social movements and HIV/AIDS: reconceptualising theory and practice","data":{"media_summary":"","end_year":2001,"nhmrc_grant_id":956545,"application_year":1994,"start_year":1996,"scientific_title":"New social movements and HIV/AIDS: reconceptualising theory and practice","node_source":"NHMRC","node_type":"Grant","field_of_research":"Medical Virology","research_area":"Public Health","for_category":"MEDICAL MICROBIOLOGY","cia_name":"Mr GWE Woolcock","higher_grant_type":"CARG - People","purl":"http://purl.org/au-research/grants/nhmrc/956545","simplified_title":"New social movements and HIV/AIDS: reconceptualising theory and practice","sub_type":"Public Health CARG Scholarship","total_budget":"75348.24","source_system":""},"children":[{"color":"#0066FF","name":"La Trobe University","data":{"source":"NHMRC","name":"La Trobe University","state":"VIC","nla":"http://nla.gov.au/nla.party-496332","type":"University","node_source":"NHMRC","node_type":"Institution"},"class":"Institution","self":"http://localhost:7474/db/data/node/10","size":1},{"color":"#336699","name":"Mr Gwe Woolcock","data":{"first_name":"Gwe","title":"Mr","dw_individual_id":"DW0023088","middle_name":"","last_name":"Woolcock","source_individual_id":"RMIS706039","node_source":"NHMRC","node_type":"Researcher","source_system":"RMIS","full_name":"Mr Gwe Woolcock"},"class":"Researcher","self":"http://localhost:7474/db/data/node/82946","size":1}],"class":"Grant","self":"http://localhost:7474/db/data/node/12","size":1}