{"color":"#FF4D4D","name":"Atrocyte factors in the initiation of Alzheimer's disease","data":{"media_summary":"","end_year":2000,"keywords":["ALZHEIMER'S","ASTROCYTES","TISSUE CULTURE","MORPHOLOGY","ABNORMAL NEURITES"],"nhmrc_grant_id":957112,"application_year":1994,"start_year":1996,"scientific_title":"Atrocyte factors in the initiation of Alzheimer's disease","node_source":"NHMRC","node_type":"Grant","field_of_research":"Neurology and Neuromuscular Diseases","research_area":"Basic Science","for_category":"NEUROSCIENCES","cia_name":"Dr Karen Cullen","higher_grant_type":"Early Career Fellowships","purl":"http://purl.org/au-research/grants/nhmrc/957112","simplified_title":"Atrocyte factors in the initiation of Alzheimer's disease","sub_type":"Peter Doherty Biomedical ECF","total_budget":"213419.61","source_system":""},"children":[{"color":"#0066FF","name":"University of Sydney","data":{"source":"NHMRC","name":"University of Sydney","state":"NSW","nla":"http://nla.gov.au/nla.party-593941","type":"University","node_source":"NHMRC","node_type":"Institution"},"class":"Institution","self":"http://localhost:7474/db/data/node/13","size":1},{"color":"#336699","name":"Dr Karen Cullen","data":{"first_name":"Karen","title":"Dr","dw_individual_id":"DW0006812","middle_name":"M","last_name":"Cullen","source_individual_id":"RMIS618160","node_source":"NHMRC","node_type":"Researcher","source_system":"RMIS","full_name":"Dr Karen Cullen"},"class":"Researcher","self":"http://localhost:7474/db/data/node/78549","size":1}],"class":"Grant","self":"http://localhost:7474/db/data/node/15","size":1}