{"color":"#FF4D4D","name":"Glioma immunotherapy using cytokine modified tumor cells expressing the variant EGFR","data":{"media_summary":"","end_year":2000,"keywords":["GENE THERAPY","CYTOKINES","GLIOMAS","EGFR","IMMUNOTHERAPY"],"nhmrc_grant_id":957201,"application_year":1994,"start_year":1995,"scientific_title":"Glioma immunotherapy using cytokine modified tumor cells expressing the variant EGFR","node_source":"NHMRC","node_type":"Grant","field_of_research":"Oncology and Carcinogenesis","research_area":"Basic Science","for_category":"CLINICAL SCIENCES","cia_name":"A/Pr David Ashley","higher_grant_type":"Early Career Fellowships","purl":"http://purl.org/au-research/grants/nhmrc/957201","simplified_title":"Glioma immunotherapy using cytokine modified tumor cells expressing the variant EGFR","sub_type":"Neil Hamilton Fairley Clinical ECF","total_budget":"315547.03","source_system":""},"children":[{"color":"#0066FF","name":"University of Melbourne","data":{"source":"NHMRC","name":"University of Melbourne","state":"VIC","nla":"http://nla.gov.au/nla.party-513462","type":"University","node_source":"NHMRC","node_type":"Institution"},"class":"Institution","self":"http://localhost:7474/db/data/node/16","size":1},{"color":"#336699","name":"Prof David Ashley","data":{"first_name":"David","title":"Prof","dw_individual_id":"DW0005858","middle_name":"M","last_name":"Ashley","source_individual_id":"5013246","node_source":"NHMRC","node_type":"Researcher","source_system":"RGMS","full_name":"Prof David Ashley"},"class":"Researcher","self":"http://localhost:7474/db/data/node/78297","size":1}],"class":"Grant","self":"http://localhost:7474/db/data/node/19","size":1}