{"color":"#FF4D4D","name":"Road Accident Research Unit","data":{"media_summary":"","end_year":2000,"keywords":["BIOMECHANICS","BRAIN INJURY","IMPACT","PHYSIOLOGY","PATHOLOGY"],"nhmrc_grant_id":943301,"application_year":1993,"start_year":1994,"scientific_title":"Road Accident Research Unit","node_source":"NHMRC","node_type":"Grant","field_of_research":"Environmental and Occupational Health and Safety","research_area":"Not Applicable","for_category":"PUBLIC HEALTH AND HEALTH SERVICES","cia_name":"Prof Allan McLean","higher_grant_type":"NHMRC Block Funding","purl":"http://purl.org/au-research/grants/nhmrc/943301","simplified_title":"Road Accident Research Unit","sub_type":"Research Unit Grant","total_budget":"2149959.79","source_system":""},"children":[{"color":"#0066FF","name":"University of Adelaide","data":{"source":"NHMRC","name":"University of Adelaide","state":"SA","nla":"http://nla.gov.au/nla.party-460832","type":"University","node_source":"NHMRC","node_type":"Institution"},"class":"Institution","self":"http://localhost:7474/db/data/node/0","size":1},{"color":"#336699","name":"Prof Allan Mclean","data":{"first_name":"Allan","title":"Prof","dw_individual_id":"DW0026662","middle_name":"","last_name":"Mclean","source_individual_id":"RMIS112262","node_source":"NHMRC","node_type":"Researcher","source_system":"RMIS","full_name":"Prof Allan Mclean"},"class":"Researcher","self":"http://localhost:7474/db/data/node/83896","size":1}],"class":"Grant","self":"http://localhost:7474/db/data/node/2","size":1}