{"color":"#FF4D4D","name":"Interaction of the p85 and p110 subunits of phospha tidylinositol 3-kinase","data":{"media_summary":"","end_year":2000,"keywords":["PI 3-KINASE","CELL SIGNALLING","INTERACTION","REGULATION","TYROSINE KINASE"],"nhmrc_grant_id":957330,"application_year":1994,"start_year":1995,"scientific_title":"Interaction of the p85 and p110 subunits of phospha tidylinositol 3-kinase","node_source":"NHMRC","node_type":"Grant","field_of_research":"Biochemistry and clinical chemistry","research_area":"Basic Science","for_category":"BIOCHEMISTRY AND CELL BIOLOGY","cia_name":"Dr Meredith Layton","higher_grant_type":"Early Career Fellowships","purl":"http://purl.org/au-research/grants/nhmrc/957330","simplified_title":"Interaction of the p85 and p110 subunits of phospha tidylinositol 3-kinase","sub_type":"CJ Martin Biomedical ECF","total_budget":"230297.81","source_system":""},"children":[{"color":"#0066FF","name":"Ludwig Institute for Cancer Research","data":{"source":"NHMRC","name":"Ludwig Institute for Cancer Research","state":"VIC","type":"Research","node_source":"NHMRC","node_type":"Institution"},"class":"Institution","self":"http://localhost:7474/db/data/node/20","size":1},{"color":"#336699","name":"Dr Meredith Layton","data":{"first_name":"Meredith","title":"Dr","dw_individual_id":"DW0014391","middle_name":"","last_name":"Layton","source_individual_id":"RMIS451629","node_source":"NHMRC","node_type":"Researcher","source_system":"RMIS","full_name":"Dr Meredith Layton"},"class":"Researcher","self":"http://localhost:7474/db/data/node/80587","size":1}],"class":"Grant","self":"http://localhost:7474/db/data/node/21","size":1}