{"color":"#FF4D4D","name":"The immunopathogenesis of oral lichen planus","data":{"media_summary":"","end_year":2000,"keywords":["LICHEN PLANUS","T CELL RECEPTOR","STRESS PROTEINS","CYTOKINES","PATHOGENESIS"],"nhmrc_grant_id":957352,"application_year":1994,"start_year":1995,"scientific_title":"The immunopathogenesis of oral lichen planus","node_source":"NHMRC","node_type":"Grant","field_of_research":"Cellular Immunology","research_area":"Clinical Medicine and Science","for_category":"IMMUNOLOGY","cia_name":"Dr Philip Sugerman","higher_grant_type":"Early Career Fellowships","purl":"http://purl.org/au-research/grants/nhmrc/957352","simplified_title":"The immunopathogenesis of oral lichen planus","sub_type":"CJ Martin Biomedical ECF","total_budget":"304858.83","source_system":""},"children":[{"color":"#0066FF","name":"University of Queensland","data":{"source":"NHMRC","name":"University of Queensland","state":"QLD","nla":"http://nla.gov.au/nla.party-460867","type":"University","node_source":"NHMRC","node_type":"Institution"},"class":"Institution","self":"http://localhost:7474/db/data/node/22","size":1},{"color":"#336699","name":"Philip Sugerman","data":{"first_name":"Philip","title":"","dw_individual_id":"DW0016502","middle_name":"","last_name":"Sugerman","source_individual_id":"RMIS13895","node_source":"NHMRC","node_type":"Researcher","source_system":"RMIS","full_name":"Philip Sugerman"},"class":"Researcher","self":"http://localhost:7474/db/data/node/81183","size":1}],"class":"Grant","self":"http://localhost:7474/db/data/node/24","size":1}