{"color":"#FF4D4D","name":"Biogenesis of the quinone cofactor of copper amine oxidases.","data":{"media_summary":"","end_year":2001,"keywords":["COPPER AMINE OXIDASE","TOPA QUINONE","LYSYLOXIDASE","QUINONE COFACTORS","ENZYME MECHANISMS"],"nhmrc_grant_id":957359,"application_year":1994,"start_year":1995,"scientific_title":"Biogenesis of the quinone cofactor of copper amine oxidases.","node_source":"NHMRC","node_type":"Grant","field_of_research":"Biochemistry and clinical chemistry","research_area":"Basic Science","for_category":"BIOCHEMISTRY AND CELL BIOLOGY","cia_name":"Dr Neal Williams","higher_grant_type":"Early Career Fellowships","purl":"http://purl.org/au-research/grants/nhmrc/957359","simplified_title":"Biogenesis of the quinone cofactor of copper amine oxidases.","sub_type":"CJ Martin Biomedical ECF","total_budget":"239220.79","source_system":""},"children":[{"color":"#0066FF","name":"University of Sydney","data":{"source":"NHMRC","name":"University of Sydney","state":"NSW","nla":"http://nla.gov.au/nla.party-593941","type":"University","node_source":"NHMRC","node_type":"Institution"},"class":"Institution","self":"http://localhost:7474/db/data/node/13","size":1},{"color":"#336699","name":"Neal Williams","data":{"first_name":"Neal","title":"","dw_individual_id":"DW0040476","middle_name":"","last_name":"Williams","source_individual_id":"RMIS676842","node_source":"NHMRC","node_type":"Researcher","source_system":"RMIS","full_name":"Neal Williams"},"class":"Researcher","self":"http://localhost:7474/db/data/node/87491","size":1}],"class":"Grant","self":"http://localhost:7474/db/data/node/25","size":1}