{"color":"#FF4D4D","name":"Role of the thymus in tissue-specific homing to lymph nodes, spleen and gut","data":{"media_summary":"","end_year":2000,"keywords":["SHEEP","GUT-HOMING","FOETAL IMMUNOLOGY","LYMPHATICS","THYMUS EXPORT"],"nhmrc_grant_id":957470,"application_year":1994,"start_year":1995,"scientific_title":"Role of the thymus in tissue-specific homing to lymph nodes, spleen and gut","node_source":"NHMRC","node_type":"Grant","field_of_research":"Cellular Immunology","research_area":"Basic Science","for_category":"IMMUNOLOGY","cia_name":"Ms Joanne Holder","higher_grant_type":"NHMRC Postgraduate Scholarships","purl":"http://purl.org/au-research/grants/nhmrc/957470","simplified_title":"Role of the thymus in tissue-specific homing to lymph nodes, spleen and gut","sub_type":"Dora Lush Biomedical Postgraduate Scholarship","total_budget":"57301.98","source_system":""},"children":[{"color":"#0066FF","name":"University of Melbourne","data":{"source":"NHMRC","name":"University of Melbourne","state":"VIC","nla":"http://nla.gov.au/nla.party-513462","type":"University","node_source":"NHMRC","node_type":"Institution"},"class":"Institution","self":"http://localhost:7474/db/data/node/16","size":1},{"color":"#336699","name":"Ms Joanne Holder","data":{"first_name":"Joanne","title":"Ms","dw_individual_id":"DW0002237","middle_name":"","last_name":"Holder","source_individual_id":"RMIS706036","node_source":"NHMRC","node_type":"Researcher","source_system":"RMIS","full_name":"Ms Joanne Holder"},"class":"Researcher","self":"http://localhost:7474/db/data/node/77287","size":1}],"class":"Grant","self":"http://localhost:7474/db/data/node/26","size":1}