{"color":"#FF4D4D","name":"Control of luminal flow by gastric, pyloric & duodenal motility","data":{"media_summary":"","end_year":2001,"keywords":["MOTILITY","TRANSPYLORIC FLOW","DUODENAL MECHANICS","ELECTROGASTROGRAPHY","LASER FLOW DETECTION"],"nhmrc_grant_id":958102,"application_year":1994,"start_year":1996,"scientific_title":"Control of luminal flow by gastric, pyloric & duodenal motility","node_source":"NHMRC","node_type":"Grant","field_of_research":"Gastroenterology and Hepatology","research_area":"Basic Science","for_category":"CLINICAL SCIENCES","cia_name":"Dr Jane Andrews","higher_grant_type":"NHMRC Postgraduate Scholarships","purl":"http://purl.org/au-research/grants/nhmrc/958102","simplified_title":"Control of luminal flow by gastric, pyloric & duodenal motility","sub_type":"Medical Postgraduate Scholarship","total_budget":"92444.76","source_system":""},"children":[{"color":"#0066FF","name":"University of Adelaide","data":{"source":"NHMRC","name":"University of Adelaide","state":"SA","nla":"http://nla.gov.au/nla.party-460832","type":"University","node_source":"NHMRC","node_type":"Institution"},"class":"Institution","self":"http://localhost:7474/db/data/node/0","size":1},{"color":"#336699","name":"Prof Jane Andrews","data":{"first_name":"Jane","title":"Prof","dw_individual_id":"DW0023340","middle_name":"Mary","last_name":"Andrews","source_individual_id":"5023460","node_source":"NHMRC","node_type":"Researcher","source_system":"RGMS","full_name":"Prof Jane Andrews"},"class":"Researcher","self":"http://localhost:7474/db/data/node/83006","size":1}],"class":"Grant","self":"http://localhost:7474/db/data/node/27","size":1}