{"color":"#FF4D4D","name":"Ionotropic AMPA/kainate glutamate receptors: characteristics and roles in excitotoxicity","data":{"media_summary":"","end_year":2000,"keywords":["GLUTAMATE","RECEPTOR SUBTYPES","NEUROTOXICITY","NEURONAL CULTURES","RELEASE DIALYSIS"],"nhmrc_grant_id":960001,"application_year":1995,"start_year":1996,"scientific_title":"Ionotropic AMPA/kainate glutamate receptors: characteristics and roles in excitotoxicity","node_source":"NHMRC","node_type":"Grant","field_of_research":"Basic Pharmacology","research_area":"Basic Science","for_category":"PHARMACOLOGY AND PHARMACEUTICAL SCIENCES","cia_name":"Prof Philip Beart","higher_grant_type":"NHMRC Project Grants","purl":"http://purl.org/au-research/grants/nhmrc/960001","simplified_title":"Receptors in brain for glutamate, the major excitatory transmitter, and neurodegeneration","sub_type":"Standard Project with Research Fellowship","total_budget":"1126386.96","source_system":""},"children":[{"color":"#0066FF","name":"Monash University","data":{"source":"NHMRC","name":"Monash University","state":"VIC","nla":"http://nla.gov.au/nla.party-507067","type":"University","node_source":"NHMRC","node_type":"Institution"},"class":"Institution","self":"http://localhost:7474/db/data/node/28","size":1},{"color":"#336699","name":"Prof Philip Beart","data":{"first_name":"Philip","title":"Prof","dw_individual_id":"DW0011704","middle_name":"Mark","last_name":"Beart","source_individual_id":"RMIS131692","node_source":"NHMRC","node_type":"Researcher","source_system":"RMIS","full_name":"Prof Philip Beart"},"class":"Researcher","self":"http://localhost:7474/db/data/node/79873","size":1}],"class":"Grant","self":"http://localhost:7474/db/data/node/30","size":1}