{"color":"#FF4D4D","name":"Role of K+ channels in the control of vascular smooth muscle function","data":{"media_summary":"","end_year":2000,"keywords":["K+ CHANNELS","VASCULAR CONTROL","SMOOTH MUSCLE","RESISTANCE ARTERIES","DRUG ACTION"],"nhmrc_grant_id":960090,"application_year":1995,"start_year":1996,"scientific_title":"Role of K+ channels in the control of vascular smooth muscle function","node_source":"NHMRC","node_type":"Grant","field_of_research":"Basic Pharmacology","research_area":"Basic Science","for_category":"PHARMACOLOGY AND PHARMACEUTICAL SCIENCES","cia_name":"Dr Grant McPherson","higher_grant_type":"NHMRC Project Grants","purl":"http://purl.org/au-research/grants/nhmrc/960090","simplified_title":"Novel ways of controlling blood pressure","sub_type":"Standard Project with Research Fellowship","total_budget":"719120.28","source_system":""},"children":[{"color":"#0066FF","name":"Monash University","data":{"source":"NHMRC","name":"Monash University","state":"VIC","nla":"http://nla.gov.au/nla.party-507067","type":"University","node_source":"NHMRC","node_type":"Institution"},"class":"Institution","self":"http://localhost:7474/db/data/node/28","size":1},{"color":"#336699","name":"Grant Mcpherson","data":{"first_name":"Grant","title":"","dw_individual_id":"DW0014916","middle_name":"","last_name":"Mcpherson","source_individual_id":"RMIS31805","node_source":"NHMRC","node_type":"Researcher","source_system":"RMIS","full_name":"Grant Mcpherson"},"class":"Researcher","self":"http://localhost:7474/db/data/node/80739","size":1}],"class":"Grant","self":"http://localhost:7474/db/data/node/31","size":1}