{"color":"#FF4D4D","name":"The potential of influenza vaccines designed to stimulate crossreactive T-cell immunity","data":{"media_summary":"","end_year":2000,"keywords":["T CELLS","DETERMINANTS","LOCAL IMMUNITY","VACCINES","SYNTHETIC PEPTIDES"],"nhmrc_grant_id":960184,"application_year":1995,"start_year":1996,"scientific_title":"The potential of influenza vaccines designed to stimulate crossreactive T-cell immunity","node_source":"NHMRC","node_type":"Grant","field_of_research":"Medical Microbiology not elsewhere classified","research_area":"Basic Science","for_category":"MEDICAL MICROBIOLOGY","cia_name":"Prof Lorena Brown","higher_grant_type":"NHMRC Project Grants","purl":"http://purl.org/au-research/grants/nhmrc/960184","simplified_title":"Increasing the performance of influenza vaccines by stimulating T cell responses","sub_type":"Standard Project with Research Fellowship","total_budget":"592802.43","source_system":""},"children":[{"color":"#0066FF","name":"University of Melbourne","data":{"source":"NHMRC","name":"University of Melbourne","state":"VIC","nla":"http://nla.gov.au/nla.party-513462","type":"University","node_source":"NHMRC","node_type":"Institution"},"class":"Institution","self":"http://localhost:7474/db/data/node/16","size":1},{"color":"#336699","name":"Prof Lorena Brown","data":{"first_name":"Lorena","title":"Prof","dw_individual_id":"DW0029635","middle_name":"E","last_name":"Brown","source_individual_id":"RMIS41665","node_source":"NHMRC","node_type":"Researcher","source_system":"RMIS","full_name":"Prof Lorena Brown"},"class":"Researcher","self":"http://localhost:7474/db/data/node/84675","size":1}],"class":"Grant","self":"http://localhost:7474/db/data/node/32","size":1}