{"color":"#FF4D4D","name":"Tissue angiotensin and kinin systems","data":{"media_summary":"","end_year":2002,"keywords":["ANGIOTENSIN","BRADYKININ","ACE INHIBITOR","NEP INHIBITOR"],"nhmrc_grant_id":960229,"application_year":1995,"start_year":1996,"scientific_title":"Tissue angiotensin and kinin systems","node_source":"NHMRC","node_type":"Grant","field_of_research":"Cardiology (incl. Cardiovascular Diseases)","research_area":"Basic Science","for_category":"CLINICAL SCIENCES","cia_name":"A/Pr Duncan Campbell","higher_grant_type":"NHMRC Project Grants","purl":"http://purl.org/au-research/grants/nhmrc/960229","simplified_title":"Hormones and the heart","sub_type":"Standard Project with Research Fellowship","total_budget":"1032536.95","source_system":""},"children":[{"color":"#0066FF","name":"St Vincent's Institute of Medical Research","data":{"source":"NHMRC","name":"St Vincent's Institute of Medical Research","state":"VIC","type":"Research","node_source":"NHMRC","node_type":"Institution"},"class":"Institution","self":"http://localhost:7474/db/data/node/33","size":1},{"color":"#336699","name":"A/Pr Duncan Campbell","data":{"first_name":"Duncan","title":"A/Pr","dw_individual_id":"DW0018081","middle_name":"John","last_name":"Campbell","source_individual_id":"5013767","node_source":"NHMRC","node_type":"Researcher","source_system":"RGMS","full_name":"A/Pr Duncan Campbell"},"class":"Researcher","self":"http://localhost:7474/db/data/node/81625","size":1}],"class":"Grant","self":"http://localhost:7474/db/data/node/34","size":1}