{"color":"#FF4D4D","name":"Magnesium sulphate for the prevention of mortality and cerebral palsy in preterm infants","data":{"media_summary":"","end_year":2000,"keywords":["RANDOMISED TRIAL","MAGNESIUM SULPHATE","PERINATAL MORTALITY","CEREBRAL PALSY","INTRACEREBRAL BLEED"],"nhmrc_grant_id":960489,"application_year":1995,"start_year":1996,"scientific_title":"Magnesium sulphate for the prevention of mortality and cerebral palsy in preterm infants","node_source":"NHMRC","node_type":"Grant","field_of_research":"Obstetrics and Gynaecology","research_area":"Clinical Medicine and Science","for_category":"PAEDIATRICS AND REPRODUCTIVE MEDICINE","cia_name":"Prof Caroline Crowther","higher_grant_type":"NHMRC Project Grants","purl":"http://purl.org/au-research/grants/nhmrc/960489","simplified_title":"Magnesium sulphate for the prevention of mortality and cerebral palsy in preterm infants","sub_type":"Epidemiology","total_budget":"684987.95","source_system":""},"children":[{"color":"#0066FF","name":"University of Adelaide","data":{"source":"NHMRC","name":"University of Adelaide","state":"SA","nla":"http://nla.gov.au/nla.party-460832","type":"University","node_source":"NHMRC","node_type":"Institution"},"class":"Institution","self":"http://localhost:7474/db/data/node/0","size":1},{"color":"#336699","name":"Prof Caroline Crowther","data":{"first_name":"Caroline","title":"Prof","dw_individual_id":"DW0018491","middle_name":"Anne","last_name":"Crowther","source_individual_id":"RMIS4107","node_source":"NHMRC","node_type":"Researcher","source_system":"RMIS","full_name":"Prof Caroline Crowther"},"class":"Researcher","self":"http://localhost:7474/db/data/node/81738","size":1}],"class":"Grant","self":"http://localhost:7474/db/data/node/35","size":1}