{"color":"#FF4D4D","name":"Melationin and the functioning of the suprachiasmatic nucleus","data":{"media_summary":"","end_year":2000,"keywords":["CIRCADIAN RHYTHMS","SUPRACHIASMATIC","MELATONIN","NEUROTRANSMITTERS","PINEAL GLAND"],"nhmrc_grant_id":960494,"application_year":1995,"start_year":1996,"scientific_title":"Melationin and the functioning of the suprachiasmatic nucleus","node_source":"NHMRC","node_type":"Grant","field_of_research":"Medical Physiology not elsewhere classified","research_area":"Basic Science","for_category":"MEDICAL PHYSIOLOGY","cia_name":"A/Pr David Kennaway","higher_grant_type":"NHMRC Project Grants","purl":"http://purl.org/au-research/grants/nhmrc/960494","simplified_title":"Melationin and the biological clock","sub_type":"Standard Project with Research Fellowship","total_budget":"701038.69","source_system":""},"children":[{"color":"#0066FF","name":"University of Adelaide","data":{"source":"NHMRC","name":"University of Adelaide","state":"SA","nla":"http://nla.gov.au/nla.party-460832","type":"University","node_source":"NHMRC","node_type":"Institution"},"class":"Institution","self":"http://localhost:7474/db/data/node/0","size":1},{"color":"#336699","name":"Prof David Kennaway","data":{"first_name":"David","title":"Prof","dw_individual_id":"DW0020067","middle_name":"John","last_name":"Kennaway","source_individual_id":"5012299","node_source":"NHMRC","node_type":"Researcher","source_system":"RGMS","full_name":"Prof David Kennaway"},"class":"Researcher","self":"http://localhost:7474/db/data/node/82116","size":1}],"class":"Grant","self":"http://localhost:7474/db/data/node/36","size":1}