{"color":"#FF4D4D","name":"Cloning a breast cancer gene on chromosome 16","data":{"media_summary":"","end_year":2000,"keywords":["BREAST CANCER","TUMOUR SUPPRESSOR","CHROMOSOME 16","LOSS OF HETEROZYGOSI","POSITIONAL CLONING"],"nhmrc_grant_id":960518,"application_year":1995,"start_year":1996,"scientific_title":"Cloning a breast cancer gene on chromosome 16","node_source":"NHMRC","node_type":"Grant","field_of_research":"Oncology and Carcinogenesis","research_area":"Basic Science","for_category":"CLINICAL SCIENCES","cia_name":"Prof David Callen","higher_grant_type":"NHMRC Project Grants","purl":"http://purl.org/au-research/grants/nhmrc/960518","simplified_title":"Identification of a gene involved in breast cancer","sub_type":"Standard Project Grant","total_budget":"176310.7","source_system":""},"children":[{"color":"#0066FF","name":"Women's and Children's Hospital, Adelaide","data":{"source":"NHMRC","name":"Women's and Children's Hospital, Adelaide","state":"SA","nla":"http://nla.gov.au/nla.party-471709","type":"Hospital","node_source":"NHMRC","node_type":"Institution"},"class":"Institution","self":"http://localhost:7474/db/data/node/37","size":1},{"color":"#336699","name":"Prof David Callen","data":{"first_name":"David","title":"Prof","dw_individual_id":"DW0041428","middle_name":"Frederick","last_name":"Callen","source_individual_id":"5013742","node_source":"NHMRC","node_type":"Researcher","source_system":"RGMS","full_name":"Prof David Callen"},"class":"Researcher","self":"http://localhost:7474/db/data/node/87746","size":1}],"class":"Grant","self":"http://localhost:7474/db/data/node/39","size":1}