{"color":"#FF4D4D","name":"Altered gene expression in cardiac hypertrophy","data":{"media_summary":"","end_year":2000,"keywords":["MYOCARDIAL INFARCTIO","CONTRACTILE PROTEINS","GENE INDUCTION","CARDIAC HYPERTROPHY","RECEPTOR ANTAGONISM"],"nhmrc_grant_id":947582,"application_year":1993,"start_year":1996,"scientific_title":"Altered gene expression in cardiac hypertrophy","node_source":"NHMRC","node_type":"Grant","field_of_research":"Cardiology (incl. Cardiovascular Diseases)","research_area":"Basic Science","for_category":"CLINICAL SCIENCES","cia_name":"Dr Richard Young","higher_grant_type":"NHMRC Postgraduate Scholarships","purl":"http://purl.org/au-research/grants/nhmrc/947582","simplified_title":"Altered gene expression in cardiac hypertrophy","sub_type":"Dora Lush Biomedical Postgraduate Scholarship","total_budget":"58638.01","source_system":""},"children":[{"color":"#0066FF","name":"Austin Hospital Medical Research Foundation","data":{"source":"NHMRC","name":"Austin Hospital Medical Research Foundation","state":"VIC","type":"Hospital","node_source":"NHMRC","node_type":"Institution"},"class":"Institution","self":"http://localhost:7474/db/data/node/3","size":1},{"color":"#336699","name":"Dr Richard Young","data":{"first_name":"Richard","title":"Dr","dw_individual_id":"DW0017297","middle_name":"Lewis","last_name":"Young","source_individual_id":"5018555","node_source":"NHMRC","node_type":"Researcher","source_system":"RGMS","full_name":"Dr Richard Young"},"class":"Researcher","self":"http://localhost:7474/db/data/node/81404","size":1}],"class":"Grant","self":"http://localhost:7474/db/data/node/4","size":1}