{"color":"#FF4D4D","name":"Acoustic emmissions from the cochlea: physiology and clinical relevance","data":{"media_summary":"","end_year":2001,"keywords":["HEARING","COCHLEA","OTOACOUTIC EMISSION","BASILAR MEMBRANE","HAIR CELLS"],"nhmrc_grant_id":960566,"application_year":1995,"start_year":1997,"scientific_title":"Acoustic emmissions from the cochlea: physiology and clinical relevance","node_source":"NHMRC","node_type":"Grant","field_of_research":"Physiology","research_area":"Clinical Medicine and Science","for_category":"OTHER PHYSICAL SCIENCES","cia_name":"Dr Graeme Yates","higher_grant_type":"NHMRC Project Grants","purl":"http://purl.org/au-research/grants/nhmrc/960566","simplified_title":"Cochlear acoustic emissions","sub_type":"Standard Project with Research Fellowship","total_budget":"660655.83","source_system":""},"children":[{"color":"#0066FF","name":"University of Western Australia","data":{"source":"NHMRC","name":"University of Western Australia","state":"WA","nla":"http://nla.gov.au/nla.party-464686","type":"University","node_source":"NHMRC","node_type":"Institution"},"class":"Institution","self":"http://localhost:7474/db/data/node/40","size":1},{"color":"#336699","name":"Graeme Yates","data":{"first_name":"Graeme","title":"","dw_individual_id":"DW0028985","middle_name":"","last_name":"Yates","source_individual_id":"RMIS140166","node_source":"NHMRC","node_type":"Researcher","source_system":"RMIS","full_name":"Graeme Yates"},"class":"Researcher","self":"http://localhost:7474/db/data/node/84514","size":1}],"class":"Grant","self":"http://localhost:7474/db/data/node/42","size":1}