{"color":"#FF4D4D","name":"Endothelin-induced neuromodulation in the respiratory tract","data":{"media_summary":"","end_year":2001,"keywords":["ENDOTHELIN","AIRWAY SMOOTH MUSCLE","NEUROMODULATION","RESPIRATORY VIRUSES"],"nhmrc_grant_id":960589,"application_year":1995,"start_year":1996,"scientific_title":"Endothelin-induced neuromodulation in the respiratory tract","node_source":"NHMRC","node_type":"Grant","field_of_research":"Basic Pharmacology","research_area":"Basic Science","for_category":"PHARMACOLOGY AND PHARMACEUTICAL SCIENCES","cia_name":"Prof Roy Goldie","higher_grant_type":"NHMRC Project Grants","purl":"http://purl.org/au-research/grants/nhmrc/960589","simplified_title":"Endothelin and nerve function in the lung","sub_type":"Standard Project with Research Fellowship","total_budget":"766995.31","source_system":""},"children":[{"color":"#0066FF","name":"University of Western Australia","data":{"source":"NHMRC","name":"University of Western Australia","state":"WA","nla":"http://nla.gov.au/nla.party-464686","type":"University","node_source":"NHMRC","node_type":"Institution"},"class":"Institution","self":"http://localhost:7474/db/data/node/40","size":1},{"color":"#336699","name":"Prof Roy Goldie","data":{"first_name":"Roy","title":"Prof","dw_individual_id":"DW0001838","middle_name":"G","last_name":"Goldie","source_individual_id":"RMIS3618","node_source":"NHMRC","node_type":"Researcher","source_system":"RMIS","full_name":"Prof Roy Goldie"},"class":"Researcher","self":"http://localhost:7474/db/data/node/77172","size":1}],"class":"Grant","self":"http://localhost:7474/db/data/node/43","size":1}