{"color":"#FF4D4D","name":"Central cardiovascular pathways: integrative and cellular properties","data":{"media_summary":"","end_year":2000,"keywords":["BRAINSTEM","BLOOD PRESSURE","ANGIOTENSIN","NEUROMODULATORS","C-FOS"],"nhmrc_grant_id":960854,"application_year":1995,"start_year":1996,"scientific_title":"Central cardiovascular pathways: integrative and cellular properties","node_source":"NHMRC","node_type":"Grant","field_of_research":"Cardiology (incl. Cardiovascular Diseases)","research_area":"Basic Science","for_category":"CLINICAL SCIENCES","cia_name":"Prof Roger Dampney","higher_grant_type":"NHMRC Project Grants","purl":"http://purl.org/au-research/grants/nhmrc/960854","simplified_title":"Functions of nerve cells in the brain and spinal cord that control blood pressure","sub_type":"Extended","total_budget":"696538.17","source_system":""},"children":[{"color":"#0066FF","name":"University of Sydney","data":{"source":"NHMRC","name":"University of Sydney","state":"NSW","nla":"http://nla.gov.au/nla.party-593941","type":"University","node_source":"NHMRC","node_type":"Institution"},"class":"Institution","self":"http://localhost:7474/db/data/node/13","size":1},{"color":"#336699","name":"E/Pr Roger Dampney","data":{"first_name":"Roger","title":"E/Pr","dw_individual_id":"DW0041882","middle_name":"A.L.","last_name":"Dampney","source_individual_id":"5014186","node_source":"NHMRC","node_type":"Researcher","source_system":"RGMS","full_name":"E/Pr Roger Dampney"},"class":"Researcher","self":"http://localhost:7474/db/data/node/87863","size":1}],"class":"Grant","self":"http://localhost:7474/db/data/node/44","size":1}