{"color":"#FF4D4D","name":"Structure-function analysis of human parathyroid hormone-related protein active domains","data":{"media_summary":"","end_year":2000,"keywords":["PTH ACTIVITY","PROTEIN STRUCTURE","PEPTIDE SYSTHESIS","NEUROPEPTIDE ACTIVIT","HYPERCALCAEMIA"],"nhmrc_grant_id":960884,"application_year":1995,"start_year":1996,"scientific_title":"Structure-function analysis of human parathyroid hormone-related protein active domains","node_source":"NHMRC","node_type":"Grant","field_of_research":"Biochemistry and clinical chemistry","research_area":"Basic Science","for_category":"BIOCHEMISTRY AND CELL BIOLOGY","cia_name":"Dr Julian Barden","higher_grant_type":"NHMRC Project Grants","purl":"http://purl.org/au-research/grants/nhmrc/960884","simplified_title":"Structural bases for the activities of human parathyroid hormone related protein","sub_type":"Standard Project with Research Fellowship","total_budget":"665262.11","source_system":""},"children":[{"color":"#0066FF","name":"University of Sydney","data":{"source":"NHMRC","name":"University of Sydney","state":"NSW","nla":"http://nla.gov.au/nla.party-593941","type":"University","node_source":"NHMRC","node_type":"Institution"},"class":"Institution","self":"http://localhost:7474/db/data/node/13","size":1},{"color":"#336699","name":"Julian Barden","data":{"first_name":"Julian","title":"","dw_individual_id":"DW0017578","middle_name":"","last_name":"Barden","source_individual_id":"RMIS85541","node_source":"NHMRC","node_type":"Researcher","source_system":"RMIS","full_name":"Julian Barden"},"class":"Researcher","self":"http://localhost:7474/db/data/node/81490","size":1}],"class":"Grant","self":"http://localhost:7474/db/data/node/45","size":1}