{"color":"#FF4D4D","name":"Progression of atherosclerosis: involvement of mural thrombi and bone marrow cells","data":{"media_summary":"","end_year":2000,"keywords":["ATHEROSCLEROSIS","MURAL THROMBI","SMOOTH MUSCLE CELLS","MYOFIBROBLASTS","BONE MARROW"],"nhmrc_grant_id":961223,"application_year":1995,"start_year":1996,"scientific_title":"Progression of atherosclerosis: involvement of mural thrombi and bone marrow cells","node_source":"NHMRC","node_type":"Grant","field_of_research":"Cardiology (incl. Cardiovascular Diseases)","research_area":"Basic Science","for_category":"CLINICAL SCIENCES","cia_name":"Prof Julie Campbell","higher_grant_type":"NHMRC Project Grants","purl":"http://purl.org/au-research/grants/nhmrc/961223","simplified_title":"Bone marrow, mural thrombi and atherosclerosis progression","sub_type":"Standard Project with Research Fellowship","total_budget":"801598.72","source_system":""},"children":[{"color":"#0066FF","name":"University of Queensland","data":{"source":"NHMRC","name":"University of Queensland","state":"QLD","nla":"http://nla.gov.au/nla.party-460867","type":"University","node_source":"NHMRC","node_type":"Institution"},"class":"Institution","self":"http://localhost:7474/db/data/node/22","size":1},{"color":"#336699","name":"Prof Julie Campbell","data":{"first_name":"Julie","title":"Prof","dw_individual_id":"DW0000708","middle_name":"H","last_name":"Campbell","source_individual_id":"RMIS330901","node_source":"NHMRC","node_type":"Researcher","source_system":"RMIS","full_name":"Prof Julie Campbell"},"class":"Researcher","self":"http://localhost:7474/db/data/node/76860","size":1}],"class":"Grant","self":"http://localhost:7474/db/data/node/46","size":1}