{"color":"#FF4D4D","name":"Models of inhibitory plasticity: adult somatosensory cortex and auditory midbrain","data":{"media_summary":"","end_year":2001,"keywords":["PLASTICITY","SENSORY","CORTEX","INHIBITION","AUDITORY"],"nhmrc_grant_id":961226,"application_year":1995,"start_year":1996,"scientific_title":"Models of inhibitory plasticity: adult somatosensory cortex and auditory midbrain","node_source":"NHMRC","node_type":"Grant","field_of_research":"Neurology and Neuromuscular Diseases","research_area":"Basic Science","for_category":"NEUROSCIENCES","cia_name":"Prof Michael Calford","higher_grant_type":"NHMRC Project Grants","purl":"http://purl.org/au-research/grants/nhmrc/961226","simplified_title":"Development of models for adult brain responses to injury","sub_type":"Standard Project with Research Fellowship","total_budget":"813317.33","source_system":""},"children":[{"color":"#0066FF","name":"University of Newcastle","data":{"source":"NHMRC","name":"University of Newcastle","state":"NSW","nla":"http://nla.gov.au/nla.party-565275","type":"University","node_source":"NHMRC","node_type":"Institution"},"class":"Institution","self":"http://localhost:7474/db/data/node/47","size":1},{"color":"#336699","name":"Prof Michael Calford","data":{"first_name":"Michael","title":"Prof","dw_individual_id":"DW0000687","middle_name":"B","last_name":"Calford","source_individual_id":"5013741","node_source":"NHMRC","node_type":"Researcher","source_system":"RGMS","full_name":"Prof Michael Calford"},"class":"Researcher","self":"http://localhost:7474/db/data/node/76853","size":1}],"class":"Grant","self":"http://localhost:7474/db/data/node/49","size":1}