{"color":"#FF4D4D","name":"Comparative physiology of binocular vision","data":{"media_summary":"","end_year":2000,"keywords":["VISUAL CORTEX","OPTICAL MAPPING","OCULAR DOMINANCE","PLASTICITY","COLUMNAR ORGANISATIO"],"nhmrc_grant_id":961231,"application_year":1995,"start_year":1996,"scientific_title":"Comparative physiology of binocular vision","node_source":"NHMRC","node_type":"Grant","field_of_research":"Neurosciences not elsewhere classified","research_area":"Basic Science","for_category":"NEUROSCIENCES","cia_name":"Prof John Pettigrew","higher_grant_type":"NHMRC Project Grants","purl":"http://purl.org/au-research/grants/nhmrc/961231","simplified_title":"Functional circuits of the brain","sub_type":"Extended","total_budget":"584897.19","source_system":""},"children":[{"color":"#0066FF","name":"University of Queensland","data":{"source":"NHMRC","name":"University of Queensland","state":"QLD","nla":"http://nla.gov.au/nla.party-460867","type":"University","node_source":"NHMRC","node_type":"Institution"},"class":"Institution","self":"http://localhost:7474/db/data/node/22","size":1},{"color":"#336699","name":"John Pettigrew","data":{"first_name":"John","title":"","dw_individual_id":"DW0015559","middle_name":"","last_name":"Pettigrew","source_individual_id":"RMIS31384","node_source":"NHMRC","node_type":"Researcher","source_system":"RMIS","full_name":"John Pettigrew"},"class":"Researcher","self":"http://localhost:7474/db/data/node/80922","size":1}],"class":"Grant","self":"http://localhost:7474/db/data/node/50","size":1}