{"color":"#FF4D4D","name":"Studies of the mechanisms of relapse of experimental autoimmune encephalomyelitis","data":{"media_summary":"","end_year":2000,"keywords":["ENCEPHALOMYELITIS","NEUROIMMUNOLOGY","T LYMPHOCYTE","CYTOKINES","MULTIPLE SCLEROSIS"],"nhmrc_grant_id":961253,"application_year":1995,"start_year":1996,"scientific_title":"Studies of the mechanisms of relapse of experimental autoimmune encephalomyelitis","node_source":"NHMRC","node_type":"Grant","field_of_research":"Neurology and Neuromuscular Diseases","research_area":"Basic Science","for_category":"NEUROSCIENCES","cia_name":"A/Pr Pamela McCombe","higher_grant_type":"NHMRC Project Grants","purl":"http://purl.org/au-research/grants/nhmrc/961253","simplified_title":"The causes of ongoing disease in an animal model of multiple sclerosis","sub_type":"Standard Project with Research Fellowship","total_budget":"703597.33","source_system":""},"children":[{"color":"#0066FF","name":"University of Queensland","data":{"source":"NHMRC","name":"University of Queensland","state":"QLD","nla":"http://nla.gov.au/nla.party-460867","type":"University","node_source":"NHMRC","node_type":"Institution"},"class":"Institution","self":"http://localhost:7474/db/data/node/22","size":1},{"color":"#336699","name":"Prof Pamela Mccombe","data":{"first_name":"Pamela","title":"Prof","dw_individual_id":"DW0032439","middle_name":"Ann","last_name":"Mccombe","source_individual_id":"RMIS5883","node_source":"NHMRC","node_type":"Researcher","source_system":"RMIS","full_name":"Prof Pamela Mccombe"},"class":"Researcher","self":"http://localhost:7474/db/data/node/85397","size":1}],"class":"Grant","self":"http://localhost:7474/db/data/node/51","size":1}