{"color":"#FF4D4D","name":"Iron metabolism and the effect of iron chelators on normal, iron-loaded and neoplastic cells","data":{"media_summary":"","end_year":2001,"keywords":["IRON METABOLISM","LIVER","CANCER","IRON CHELATORS","THALASSEMIA"],"nhmrc_grant_id":961344,"application_year":1995,"start_year":1996,"scientific_title":"Iron metabolism and the effect of iron chelators on normal, iron-loaded and neoplastic cells","node_source":"NHMRC","node_type":"Grant","field_of_research":"Gastroenterology and Hepatology","research_area":"Basic Science","for_category":"CLINICAL SCIENCES","cia_name":"A/Pr Erica Baker","higher_grant_type":"NHMRC Project Grants","purl":"http://purl.org/au-research/grants/nhmrc/961344","simplified_title":"Iron metabolism and the therapeutic potential of iron chelators","sub_type":"Standard Project with Research Fellowship","total_budget":"928345.96","source_system":""},"children":[{"color":"#0066FF","name":"University of Western Australia","data":{"source":"NHMRC","name":"University of Western Australia","state":"WA","nla":"http://nla.gov.au/nla.party-464686","type":"University","node_source":"NHMRC","node_type":"Institution"},"class":"Institution","self":"http://localhost:7474/db/data/node/40","size":1},{"color":"#336699","name":"A/Pr Erica Baker","data":{"first_name":"Erica","title":"A/Pr","dw_individual_id":"DW0017547","middle_name":"","last_name":"Baker","source_individual_id":"RMIS3749","node_source":"NHMRC","node_type":"Researcher","source_system":"RMIS","full_name":"A/Pr Erica Baker"},"class":"Researcher","self":"http://localhost:7474/db/data/node/81480","size":1}],"class":"Grant","self":"http://localhost:7474/db/data/node/52","size":1}