{"color":"#FF4D4D","name":"Structure, neurochemistry and function of the enteric nervous system","data":{"media_summary":"","end_year":2000,"keywords":["NEUROPHYSIOLOGY","ENTERIC_NERVES","NEUROTRANSMISSION","INTESTINE","COMPUTING"],"nhmrc_grant_id":963213,"application_year":1995,"start_year":1996,"scientific_title":"Structure, neurochemistry and function of the enteric nervous system","node_source":"NHMRC","node_type":"Grant","field_of_research":"Sensory Systems","research_area":"Basic Science","for_category":"NEUROSCIENCES","cia_name":"Prof John Furness","higher_grant_type":"Programs","purl":"http://purl.org/au-research/grants/nhmrc/963213","simplified_title":"Structure, neurochimistry and function of the enteric nervous system","sub_type":"Program Grant","total_budget":"2714532.27","source_system":""},"children":[{"color":"#0066FF","name":"University of Melbourne","data":{"source":"NHMRC","name":"University of Melbourne","state":"VIC","nla":"http://nla.gov.au/nla.party-513462","type":"University","node_source":"NHMRC","node_type":"Institution"},"class":"Institution","self":"http://localhost:7474/db/data/node/16","size":1},{"color":"#336699","name":"Prof John Furness","data":{"first_name":"John","title":"Prof","dw_individual_id":"DW0013134","middle_name":"B","last_name":"Furness","source_individual_id":"5014741","node_source":"NHMRC","node_type":"Researcher","source_system":"RGMS","full_name":"Prof John Furness"},"class":"Researcher","self":"http://localhost:7474/db/data/node/80249","size":1}],"class":"Grant","self":"http://localhost:7474/db/data/node/53","size":1}