{"color":"#FF4D4D","name":"National Research Centre for Environmental Toxicology","data":{"media_summary":"","end_year":2001,"nhmrc_grant_id":963301,"application_year":1995,"start_year":1996,"scientific_title":"National Research Centre for Environmental Toxicology","node_source":"NHMRC","node_type":"Grant","field_of_research":"Toxicology (incl. Clinical Toxicology)","research_area":"Not Applicable","for_category":"PHARMACOLOGY AND PHARMACEUTICAL SCIENCES","cia_name":"Prof Michael Moore","higher_grant_type":"NHMRC Block Funding","purl":"http://purl.org/au-research/grants/nhmrc/963301","simplified_title":"National Research Centre for Environmental Toxicology","sub_type":"Research Unit Grant","total_budget":"4301904.53","source_system":""},"children":[{"color":"#0066FF","name":"University of Queensland","data":{"source":"NHMRC","name":"University of Queensland","state":"QLD","nla":"http://nla.gov.au/nla.party-460867","type":"University","node_source":"NHMRC","node_type":"Institution"},"class":"Institution","self":"http://localhost:7474/db/data/node/22","size":1},{"color":"#336699","name":"Michael Moore","data":{"first_name":"Michael","title":"","dw_individual_id":"DW0009200","middle_name":"","last_name":"Moore","source_individual_id":"RMIS6227","node_source":"NHMRC","node_type":"Researcher","source_system":"RMIS","full_name":"Michael Moore"},"class":"Researcher","self":"http://localhost:7474/db/data/node/79201","size":1}],"class":"Grant","self":"http://localhost:7474/db/data/node/54","size":1}