{"color":"#FF4D4D","name":"The Melbourne women's midlife health project","data":{"media_summary":"","end_year":2000,"keywords":["MENOPAUSE","HORMONE REPLACEMENT","CARDIOVASCULAR RISK","WELL BEING","HEALTH SERVICE USE"],"nhmrc_grant_id":964129,"application_year":1995,"start_year":1996,"scientific_title":"The Melbourne women's midlife health project","node_source":"NHMRC","node_type":"Grant","field_of_research":"Public Health and Health Services not elsewhere classified","research_area":"Public Health","for_category":"PUBLIC HEALTH AND HEALTH SERVICES","cia_name":"Prof Lorraine Dennerstein","higher_grant_type":"NHMRC Project Grants","purl":"http://purl.org/au-research/grants/nhmrc/964129","simplified_title":"The Melbourne women's midlife health project","sub_type":"Public Health Project Grant","total_budget":"720208.72","source_system":""},"children":[{"color":"#0066FF","name":"University of Melbourne","data":{"source":"NHMRC","name":"University of Melbourne","state":"VIC","nla":"http://nla.gov.au/nla.party-513462","type":"University","node_source":"NHMRC","node_type":"Institution"},"class":"Institution","self":"http://localhost:7474/db/data/node/16","size":1},{"color":"#336699","name":"Lorraine Dennerstein","data":{"first_name":"Lorraine","title":"","dw_individual_id":"DW0024492","middle_name":"","last_name":"Dennerstein","source_individual_id":"RMIS383810","node_source":"NHMRC","node_type":"Researcher","source_system":"RMIS","full_name":"Lorraine Dennerstein"},"class":"Researcher","self":"http://localhost:7474/db/data/node/83289","size":1}],"class":"Grant","self":"http://localhost:7474/db/data/node/55","size":1}