{"color":"#FF4D4D","name":"A randomised trial of screening for abdominal aortic aneurysm","data":{"media_summary":"","end_year":2000,"keywords":["AORTIC ANEURYSM","CONTROLLED TRIAL","SCREENING","ULTRASOUND","COST-EFFECTIVENESS"],"nhmrc_grant_id":964145,"application_year":1995,"start_year":1996,"scientific_title":"A randomised trial of screening for abdominal aortic aneurysm","node_source":"NHMRC","node_type":"Grant","field_of_research":"Cardiology (incl. Cardiovascular Diseases)","research_area":"Public Health","for_category":"CLINICAL SCIENCES","cia_name":"Prof Konrad Jamrozik","higher_grant_type":"NHMRC Project Grants","purl":"http://purl.org/au-research/grants/nhmrc/964145","simplified_title":"A randomised trial of screening for abdominal aortic aneurysm","sub_type":"Public Health Project Grant","total_budget":"346655.93","source_system":""},"children":[{"color":"#0066FF","name":"University of Western Australia","data":{"source":"NHMRC","name":"University of Western Australia","state":"WA","nla":"http://nla.gov.au/nla.party-464686","type":"University","node_source":"NHMRC","node_type":"Institution"},"class":"Institution","self":"http://localhost:7474/db/data/node/40","size":1},{"color":"#336699","name":"Prof Konrad Jamrozik","data":{"first_name":"Konrad","title":"Prof","dw_individual_id":"DW0031545","middle_name":"","last_name":"Jamrozik","source_individual_id":"RMIS112179","node_source":"NHMRC","node_type":"Researcher","source_system":"RMIS","full_name":"Prof Konrad Jamrozik"},"class":"Researcher","self":"http://localhost:7474/db/data/node/85166","size":1}],"class":"Grant","self":"http://localhost:7474/db/data/node/56","size":1}