{"color":"#FF4D4D","name":"Environmental technology for environmental health in remote Aboriginal communities","data":{"media_summary":"","end_year":2000,"nhmrc_grant_id":964201,"application_year":1995,"start_year":1996,"scientific_title":"Environmental technology for environmental health in remote Aboriginal communities","node_source":"NHMRC","node_type":"Grant","field_of_research":"Indigenous Health","research_area":"Public Health","for_category":"PUBLIC HEALTH AND HEALTH SERVICES","cia_name":"Dr Martin Anda","higher_grant_type":"Early Career Fellowships","purl":"http://purl.org/au-research/grants/nhmrc/964201","simplified_title":"Environmental technology for environmental health in remote Aboriginal communities","sub_type":"Public Health (Australia) ECF","total_budget":"204707.49","source_system":""},"children":[{"color":"#0066FF","name":"Murdoch University","data":{"source":"NHMRC","name":"Murdoch University","state":"WA","nla":"http://nla.gov.au/nla.party-589763","type":"University","node_source":"NHMRC","node_type":"Institution"},"class":"Institution","self":"http://localhost:7474/db/data/node/57","size":1},{"color":"#336699","name":"Martin Anda","data":{"first_name":"Martin","title":"","dw_individual_id":"DW0005802","middle_name":"","last_name":"Anda","source_individual_id":"RMIS401473","node_source":"NHMRC","node_type":"Researcher","source_system":"RMIS","full_name":"Martin Anda"},"class":"Researcher","self":"http://localhost:7474/db/data/node/78283","size":1}],"class":"Grant","self":"http://localhost:7474/db/data/node/59","size":1}