{"color":"#FF4D4D","name":"Benefit of home based low to moderate intense exercise on quality of life in women with ischaemic heart","data":{"media_summary":"","end_year":2000,"keywords":["HEART DISEASE","EXERCISE","WOMEN","QUALITY-OF-LIFE"],"nhmrc_grant_id":964208,"application_year":1995,"start_year":1996,"scientific_title":"Benefit of home based low to moderate intense exercise on quality of life in women with ischaemic heart","node_source":"NHMRC","node_type":"Grant","field_of_research":"Cardiology (incl. Cardiovascular Diseases)","research_area":"Public Health","for_category":"CLINICAL SCIENCES","cia_name":"Dr N Johnson","higher_grant_type":"Early Career Fellowships","purl":"http://purl.org/au-research/grants/nhmrc/964208","simplified_title":"Benefit of home based low to moderate intense exercise on quality of life in women with ischaemic heart","sub_type":"Public Health (Australia) ECF","total_budget":"211836.09","source_system":""},"children":[{"color":"#0066FF","name":"University of Newcastle","data":{"source":"NHMRC","name":"University of Newcastle","state":"NSW","nla":"http://nla.gov.au/nla.party-565275","type":"University","node_source":"NHMRC","node_type":"Institution"},"class":"Institution","self":"http://localhost:7474/db/data/node/47","size":1},{"color":"#336699","name":"Dr Natalie Johnson","data":{"first_name":"Natalie","title":"Dr","dw_individual_id":"DW0008198","middle_name":"Allison","last_name":"Johnson","source_individual_id":"5019494","node_source":"NHMRC","node_type":"Researcher","source_system":"RGMS","full_name":"Dr Natalie Johnson"},"class":"Researcher","self":"http://localhost:7474/db/data/node/78911","size":1}],"class":"Grant","self":"http://localhost:7474/db/data/node/60","size":1}