{"color":"#FF4D4D","name":"Melbourne Diabetic Retinopathy project","data":{"media_summary":"","end_year":2001,"keywords":["PRIMARY PREVENTION","DIABETIC RETINOPATHY","EDUCATION","EYE DISEASE"],"nhmrc_grant_id":964212,"application_year":1995,"start_year":1996,"scientific_title":"Melbourne Diabetic Retinopathy project","node_source":"NHMRC","node_type":"Grant","field_of_research":"Public Health and Health Services not elsewhere classified","research_area":"Public Health","for_category":"PUBLIC HEALTH AND HEALTH SERVICES","cia_name":"Dr Patricia Livingston","higher_grant_type":"Early Career Fellowships","purl":"http://purl.org/au-research/grants/nhmrc/964212","simplified_title":"Melbourne Diabetic Retinopathy project","sub_type":"Public Health (Australia) ECF","total_budget":"186794.27","source_system":""},"children":[{"color":"#0066FF","name":"Cancer Council Victoria","data":{"source":"NHMRC","name":"Cancer Council Victoria","state":"VIC","nla":"http://nla.gov.au/nla.party-1307127","type":"Other","node_source":"NHMRC","node_type":"Institution"},"class":"Institution","self":"http://localhost:7474/db/data/node/61","size":1},{"color":"#336699","name":"Prof Patricia Livingston","data":{"first_name":"Patricia","title":"Prof","dw_individual_id":"DW0020449","middle_name":"M","last_name":"Livingston","source_individual_id":"5020050","node_source":"NHMRC","node_type":"Researcher","source_system":"RGMS","full_name":"Prof Patricia Livingston"},"class":"Researcher","self":"http://localhost:7474/db/data/node/82227","size":1}],"class":"Grant","self":"http://localhost:7474/db/data/node/63","size":1}