{"color":"#FF4D4D","name":"The epidemiology and transmission of Cryptosporidium infections in Aboriginal children","data":{"media_summary":"","end_year":2000,"keywords":["ABORIGINAL HEALTH","CRYPTOSPORIDIUM","DAY-CARE CENTRES","DIARRHOEA","HEALTH PROMOTION"],"nhmrc_grant_id":964215,"application_year":1995,"start_year":1996,"scientific_title":"The epidemiology and transmission of Cryptosporidium infections in Aboriginal children","node_source":"NHMRC","node_type":"Grant","field_of_research":"Public Health and Health Services not elsewhere classified","research_area":"Public Health","for_category":"PUBLIC HEALTH AND HEALTH SERVICES","cia_name":"Dr Una Morgan","higher_grant_type":"Early Career Fellowships","purl":"http://purl.org/au-research/grants/nhmrc/964215","simplified_title":"The epidemiology and transmission of Cryptosporidium infections in Aboriginal children","sub_type":"Public Health (Australia) ECF","total_budget":"206351.85","source_system":""},"children":[{"color":"#0066FF","name":"Murdoch University","data":{"source":"NHMRC","name":"Murdoch University","state":"WA","nla":"http://nla.gov.au/nla.party-589763","type":"University","node_source":"NHMRC","node_type":"Institution"},"class":"Institution","self":"http://localhost:7474/db/data/node/57","size":1},{"color":"#336699","name":"Dr Una Morgan","data":{"first_name":"Una","title":"Dr","dw_individual_id":"DW0020974","middle_name":"M","last_name":"Morgan","source_individual_id":"RMIS63474","node_source":"NHMRC","node_type":"Researcher","source_system":"RMIS","full_name":"Dr Una Morgan"},"class":"Researcher","self":"http://localhost:7474/db/data/node/82373","size":1}],"class":"Grant","self":"http://localhost:7474/db/data/node/64","size":1}