{"color":"#FF4D4D","name":"An ethnographic study of sexual health and ethnicity: health seeking strategies among Latin American women","data":{"media_summary":"","end_year":2000,"keywords":["ETHNIC RESEARCH","STDS","SEXUALITY","ETHNOGRAPHY","MIGRATION"],"nhmrc_grant_id":964225,"application_year":1995,"start_year":1996,"scientific_title":"An ethnographic study of sexual health and ethnicity: health seeking strategies among Latin American women","node_source":"NHMRC","node_type":"Grant","field_of_research":"Public Health and Health Services not elsewhere classified","research_area":"Public Health","for_category":"PUBLIC HEALTH AND HEALTH SERVICES","cia_name":"Dr M Dawson","higher_grant_type":"CARG - People","purl":"http://purl.org/au-research/grants/nhmrc/964225","simplified_title":"An ethnographic study of sexual health and ethnicity: health seeking strategies among Latin American women","sub_type":"Public Health CARG Fellowship","total_budget":"229915.75","source_system":""},"children":[{"color":"#0066FF","name":"Deakin University","data":{"source":"NHMRC","name":"Deakin University","state":"VIC","nla":"http://nla.gov.au/nla.party-469109","type":"University","node_source":"NHMRC","node_type":"Institution"},"class":"Institution","self":"http://localhost:7474/db/data/node/65","size":1},{"color":"#336699","name":"Dr M Dawson","data":{"first_name":"M","title":"Dr","dw_individual_id":"DW0012661","middle_name":"T","last_name":"Dawson","source_individual_id":"RMIS706051","node_source":"NHMRC","node_type":"Researcher","source_system":"RMIS","full_name":"Dr M Dawson"},"class":"Researcher","self":"http://localhost:7474/db/data/node/80129","size":1}],"class":"Grant","self":"http://localhost:7474/db/data/node/67","size":1}