{"color":"#FF4D4D","name":"An evaluation of folate fortification as a public health intervention to prevent neural tube defects","data":{"media_summary":"","end_year":2001,"keywords":["FORIFICATION","EVALUATION","FOLIC ACID","DIETARY MODELLING","FOOD REGULATION"],"nhmrc_grant_id":964947,"application_year":1995,"start_year":1997,"scientific_title":"An evaluation of folate fortification as a public health intervention to prevent neural tube defects","node_source":"NHMRC","node_type":"Grant","field_of_research":"Nutrition and Dietetics","research_area":"Public Health","for_category":"PUBLIC HEALTH AND HEALTH SERVICES","cia_name":"A/Pr Mark Lawrence","higher_grant_type":"NHMRC Postgraduate Scholarships","purl":"http://purl.org/au-research/grants/nhmrc/964947","simplified_title":"An evaluation of folate fortification as a public health intervention to prevent neural tube defects","sub_type":"Public Health Postgraduate Scholarship","total_budget":"77000.29","source_system":""},"children":[{"color":"#0066FF","name":"Deakin University","data":{"source":"NHMRC","name":"Deakin University","state":"VIC","nla":"http://nla.gov.au/nla.party-469109","type":"University","node_source":"NHMRC","node_type":"Institution"},"class":"Institution","self":"http://localhost:7474/db/data/node/65","size":1},{"color":"#336699","name":"A/Pr Mark Lawrence","data":{"first_name":"Mark","title":"A/Pr","dw_individual_id":"DW0002842","middle_name":"Andrew","last_name":"Lawrence","source_individual_id":"5015899","node_source":"NHMRC","node_type":"Researcher","source_system":"RGMS","full_name":"A/Pr Mark Lawrence"},"class":"Researcher","self":"http://localhost:7474/db/data/node/77450","size":1}],"class":"Grant","self":"http://localhost:7474/db/data/node/68","size":1}