{"color":"#FF4D4D","name":"Hepatitis B variation: a model of variation of molecular epidemiology","data":{"media_summary":"","end_year":2000,"keywords":["HEPATITIS B","VARIANTS","CONTACT TRACING","VIRULENCE","ANALYSTS"],"nhmrc_grant_id":967008,"application_year":1995,"start_year":1996,"scientific_title":"Hepatitis B variation: a model of variation of molecular epidemiology","node_source":"NHMRC","node_type":"Grant","field_of_research":"Epidemiology","research_area":"Clinical Medicine and Science","for_category":"PUBLIC HEALTH AND HEALTH SERVICES","cia_name":"A/Pr Karen Vickery","higher_grant_type":"Early Career Fellowships","purl":"http://purl.org/au-research/grants/nhmrc/967008","simplified_title":"Hepatitis B variation: a model of variation of molecular epidemiology","sub_type":"Australian Clincal Research ECF","total_budget":"210005.37","source_system":""},"children":[{"color":"#0066FF","name":"University of Sydney","data":{"source":"NHMRC","name":"University of Sydney","state":"NSW","nla":"http://nla.gov.au/nla.party-593941","type":"University","node_source":"NHMRC","node_type":"Institution"},"class":"Institution","self":"http://localhost:7474/db/data/node/13","size":1},{"color":"#336699","name":"A/Pr Karen Vickery","data":{"first_name":"Karen","title":"A/Pr","dw_individual_id":"DW0016850","middle_name":"","last_name":"Vickery","source_individual_id":"RMIS526228","node_source":"NHMRC","node_type":"Researcher","source_system":"RMIS","full_name":"A/Pr Karen Vickery"},"class":"Researcher","self":"http://localhost:7474/db/data/node/81283","size":1}],"class":"Grant","self":"http://localhost:7474/db/data/node/69","size":1}