{"color":"#FF4D4D","name":"Functional Heterogeneity of sympathetic neurons","data":{"media_summary":"","end_year":2000,"keywords":["SYMPATHETIC","SYNAPSES","DENDRITES","ELECTRO-PHYSIOLOGY","PATHWAYS"],"nhmrc_grant_id":967120,"application_year":1995,"start_year":1996,"scientific_title":"Functional Heterogeneity of sympathetic neurons","node_source":"NHMRC","node_type":"Grant","field_of_research":"Neurosciences not elsewhere classified","research_area":"Basic Science","for_category":"NEUROSCIENCES","cia_name":"Dr Phillip Jobling","higher_grant_type":"Early Career Fellowships","purl":"http://purl.org/au-research/grants/nhmrc/967120","simplified_title":"Functional Heterogeneity of sympathetic neurons","sub_type":"Peter Doherty Biomedical ECF","total_budget":"221104.56","source_system":""},"children":[{"color":"#0066FF","name":"Flinders University","data":{"source":"NHMRC","name":"Flinders University","state":"SA","type":"University","node_source":"NHMRC","node_type":"Institution"},"class":"Institution","self":"http://localhost:7474/db/data/node/70","size":1},{"color":"#336699","name":"Dr Phillip Jobling","data":{"first_name":"Phillip","title":"Dr","dw_individual_id":"DW0002451","middle_name":"","last_name":"Jobling","source_individual_id":"RMIS76021","node_source":"NHMRC","node_type":"Researcher","source_system":"RMIS","full_name":"Dr Phillip Jobling"},"class":"Researcher","self":"http://localhost:7474/db/data/node/77336","size":1}],"class":"Grant","self":"http://localhost:7474/db/data/node/71","size":1}