{"color":"#FF4D4D","name":"The role of FGF in controlling lens cell behaviour","data":{"media_summary":"","end_year":2000,"keywords":["GROWTH FACTORS","DEVELOPMENT","LENS","RECEPTORS","SIGNAL TRANSDUCTION"],"nhmrc_grant_id":967127,"application_year":1995,"start_year":1996,"scientific_title":"The role of FGF in controlling lens cell behaviour","node_source":"NHMRC","node_type":"Grant","field_of_research":"Ophthalmology and Vision Science","research_area":"Basic Science","for_category":"CLINICAL SCIENCES","cia_name":"A/Pr Frank Lovicu","higher_grant_type":"Early Career Fellowships","purl":"http://purl.org/au-research/grants/nhmrc/967127","simplified_title":"The role of FGF in controlling lens cell behaviour","sub_type":"Peter Doherty Biomedical ECF","total_budget":"215340.9","source_system":""},"children":[{"color":"#0066FF","name":"University of Sydney","data":{"source":"NHMRC","name":"University of Sydney","state":"NSW","nla":"http://nla.gov.au/nla.party-593941","type":"University","node_source":"NHMRC","node_type":"Institution"},"class":"Institution","self":"http://localhost:7474/db/data/node/13","size":1},{"color":"#336699","name":"Prof Frank Lovicu","data":{"first_name":"Frank","title":"Prof","dw_individual_id":"DW0043889","middle_name":"James","last_name":"Lovicu","source_individual_id":"5016055","node_source":"NHMRC","node_type":"Researcher","source_system":"RGMS","full_name":"Prof Frank Lovicu"},"class":"Researcher","self":"http://localhost:7474/db/data/node/88374","size":1}],"class":"Grant","self":"http://localhost:7474/db/data/node/72","size":1}