{"color":"#FF4D4D","name":"The expression and regulation of nitric oxide synthases in the male reproductive tract","data":{"media_summary":"","end_year":2000,"keywords":["NITRIC OXIDE","NO SYNTHASE","SPERMATOGENESIS","INFERTILITY","LIPID PEROXIDATION"],"nhmrc_grant_id":967135,"application_year":1995,"start_year":1996,"scientific_title":"The expression and regulation of nitric oxide synthases in the male reproductive tract","node_source":"NHMRC","node_type":"Grant","field_of_research":"Reproduction","research_area":"Basic Science","for_category":"PAEDIATRICS AND REPRODUCTIVE MEDICINE","cia_name":"A/Pr Moira O'Bryan","higher_grant_type":"Early Career Fellowships","purl":"http://purl.org/au-research/grants/nhmrc/967135","simplified_title":"The expression and regulation of nitric oxide synthases in the male reproductive tract","sub_type":"Peter Doherty Biomedical ECF","total_budget":"221157.06","source_system":""},"children":[{"color":"#0066FF","name":"Monash University","data":{"source":"NHMRC","name":"Monash University","state":"VIC","nla":"http://nla.gov.au/nla.party-507067","type":"University","node_source":"NHMRC","node_type":"Institution"},"class":"Institution","self":"http://localhost:7474/db/data/node/28","size":1},{"color":"#336699","name":"Prof Moira O'Bryan","data":{"first_name":"Moira","title":"Prof","dw_individual_id":"DW0038845","middle_name":"K","last_name":"O'Bryan","source_individual_id":"5016749","node_source":"NHMRC","node_type":"Researcher","source_system":"RGMS","full_name":"Prof Moira O'Bryan"},"class":"Researcher","self":"http://localhost:7474/db/data/node/87066","size":1}],"class":"Grant","self":"http://localhost:7474/db/data/node/73","size":1}