{"color":"#FF4D4D","name":"Molecular studies into human neurodegenerative diseases","data":{"media_summary":"","end_year":2000,"keywords":["MOLECULAR STUDIES","ALZHEIMER'S DISEASE","PARKINSON'S DISEASE","MOTOR NEURON DISEASE"],"nhmrc_grant_id":967137,"application_year":1995,"start_year":1996,"scientific_title":"Molecular studies into human neurodegenerative diseases","node_source":"NHMRC","node_type":"Grant","field_of_research":"Neurology and Neuromuscular Diseases","research_area":"Clinical Medicine and Science","for_category":"NEUROSCIENCES","cia_name":"Dr Peter Panegyres","higher_grant_type":"Early Career Fellowships","purl":"http://purl.org/au-research/grants/nhmrc/967137","simplified_title":"Molecular studies into human neurodegenerative diseases","sub_type":"Peter Doherty Biomedical ECF","total_budget":"292273.55","source_system":""},"children":[{"color":"#0066FF","name":"Royal Perth Hospital","data":{"source":"NHMRC","name":"Royal Perth Hospital","state":"WA","nla":"http://nla.gov.au/nla.party-636451","type":"Hospital","node_source":"NHMRC","node_type":"Institution"},"class":"Institution","self":"http://localhost:7474/db/data/node/74","size":1},{"color":"#336699","name":"Prof Peter Panegyres","data":{"first_name":"Peter","title":"Prof","dw_individual_id":"DW0021327","middle_name":"Konstantine","last_name":"Panegyres","source_individual_id":"RMIS607575","node_source":"NHMRC","node_type":"Researcher","source_system":"RMIS","full_name":"Prof Peter Panegyres"},"class":"Researcher","self":"http://localhost:7474/db/data/node/82476","size":1}],"class":"Grant","self":"http://localhost:7474/db/data/node/76","size":1}