{"color":"#FF4D4D","name":"Oestrogen action in the brain in relation to the regulation of gonadotrophin releasing hormone","data":{"media_summary":"","end_year":2000,"keywords":["GONADOTROPHIN","NORADRENALINE","OESTROGEN","NEUROTRANSMITTERS","BRAIN"],"nhmrc_grant_id":967147,"application_year":1995,"start_year":1996,"scientific_title":"Oestrogen action in the brain in relation to the regulation of gonadotrophin releasing hormone","node_source":"NHMRC","node_type":"Grant","field_of_research":"Endocrinology","research_area":"Basic Science","for_category":"CLINICAL SCIENCES","cia_name":"Dr Christopher Scott","higher_grant_type":"Early Career Fellowships","purl":"http://purl.org/au-research/grants/nhmrc/967147","simplified_title":"Oestrogen action in the brain in relation to the regulation of gonadotrophin releasing hormone","sub_type":"Peter Doherty Biomedical ECF","total_budget":"221132.45","source_system":""},"children":[{"color":"#0066FF","name":"Monash University","data":{"source":"NHMRC","name":"Monash University","state":"VIC","nla":"http://nla.gov.au/nla.party-507067","type":"University","node_source":"NHMRC","node_type":"Institution"},"class":"Institution","self":"http://localhost:7474/db/data/node/28","size":1},{"color":"#336699","name":"Christopher Scott","data":{"first_name":"Christopher","title":"","dw_individual_id":"DW0027839","middle_name":"","last_name":"Scott","source_individual_id":"RMIS174772","node_source":"NHMRC","node_type":"Researcher","source_system":"RMIS","full_name":"Christopher Scott"},"class":"Researcher","self":"http://localhost:7474/db/data/node/84181","size":1}],"class":"Grant","self":"http://localhost:7474/db/data/node/77","size":1}