{"color":"#FF4D4D","name":"Therelationship between sex hormones, renal structure and function and hypertension","data":{"media_summary":"","end_year":2000,"keywords":["HYPERTENSION","NATRIURESIS","KIDNEY","OESTROGEN","HORMONES"],"nhmrc_grant_id":967151,"application_year":1995,"start_year":1996,"scientific_title":"Therelationship between sex hormones, renal structure and function and hypertension","node_source":"NHMRC","node_type":"Grant","field_of_research":"Cardiology (incl. Cardiovascular Diseases)","research_area":"Basic Science","for_category":"CLINICAL SCIENCES","cia_name":"Dr Kathleen Stevenson","higher_grant_type":"Early Career Fellowships","purl":"http://purl.org/au-research/grants/nhmrc/967151","simplified_title":"Therelationship between sex hormones, renal structure and function and hypertension","sub_type":"Peter Doherty Biomedical ECF","total_budget":"221957.17","source_system":""},"children":[{"color":"#0066FF","name":"Monash University","data":{"source":"NHMRC","name":"Monash University","state":"VIC","nla":"http://nla.gov.au/nla.party-507067","type":"University","node_source":"NHMRC","node_type":"Institution"},"class":"Institution","self":"http://localhost:7474/db/data/node/28","size":1},{"color":"#336699","name":"Kathleen Stevenson","data":{"first_name":"Kathleen","title":"","dw_individual_id":"DW0010451","middle_name":"","last_name":"Stevenson","source_individual_id":"RMIS245890","node_source":"NHMRC","node_type":"Researcher","source_system":"RMIS","full_name":"Kathleen Stevenson"},"class":"Researcher","self":"http://localhost:7474/db/data/node/79541","size":1}],"class":"Grant","self":"http://localhost:7474/db/data/node/78","size":1}