{"color":"#FF4D4D","name":"Inflammatory cell progenitors and allergic asthma","data":{"media_summary":"","end_year":2000,"keywords":["ASTHMA","ALLERGY","EOSINOPHIL","INFLAMMATION","CORTICOSTEROID"],"nhmrc_grant_id":967211,"application_year":1995,"start_year":1996,"scientific_title":"Inflammatory cell progenitors and allergic asthma","node_source":"NHMRC","node_type":"Grant","field_of_research":"Respiratory Diseases","research_area":"Clinical Medicine and Science","for_category":"CLINICAL SCIENCES","cia_name":"Prof John Upham","higher_grant_type":"Early Career Fellowships","purl":"http://purl.org/au-research/grants/nhmrc/967211","simplified_title":"Inflammatory cell progenitors and allergic asthma","sub_type":"Neil Hamilton Fairley Clinical ECF","total_budget":"288180.83","source_system":""},"children":[{"color":"#0066FF","name":"University of Western Australia","data":{"source":"NHMRC","name":"University of Western Australia","state":"WA","nla":"http://nla.gov.au/nla.party-464686","type":"University","node_source":"NHMRC","node_type":"Institution"},"class":"Institution","self":"http://localhost:7474/db/data/node/40","size":1},{"color":"#336699","name":"Prof John Upham","data":{"first_name":"John","title":"Prof","dw_individual_id":"DW0045963","middle_name":"W","last_name":"Upham","source_individual_id":"5018030","node_source":"NHMRC","node_type":"Researcher","source_system":"RGMS","full_name":"Prof John Upham"},"class":"Researcher","self":"http://localhost:7474/db/data/node/88900","size":1}],"class":"Grant","self":"http://localhost:7474/db/data/node/79","size":1}