{"color":"#FF4D4D","name":"Identifying factors which modulate apoptosis induced by loss of adhesion","data":{"media_summary":"","end_year":2000,"keywords":["APOPTOSIS","CELL ADHESION","TUMOUR SUPPRESSOR","GENE CLOSING"],"nhmrc_grant_id":967302,"application_year":1995,"start_year":1996,"scientific_title":"Identifying factors which modulate apoptosis induced by loss of adhesion","node_source":"NHMRC","node_type":"Grant","field_of_research":"Oncology and Carcinogenesis","research_area":"Basic Science","for_category":"CLINICAL SCIENCES","cia_name":"Dr Richard Bates","higher_grant_type":"Early Career Fellowships","purl":"http://purl.org/au-research/grants/nhmrc/967302","simplified_title":"Identifying factors which modulate apoptosis induced by loss of adhesion","sub_type":"CJ Martin Biomedical ECF","total_budget":"221833.57","source_system":""},"children":[{"color":"#0066FF","name":"University of Newcastle","data":{"source":"NHMRC","name":"University of Newcastle","state":"NSW","nla":"http://nla.gov.au/nla.party-565275","type":"University","node_source":"NHMRC","node_type":"Institution"},"class":"Institution","self":"http://localhost:7474/db/data/node/47","size":1},{"color":"#336699","name":"Dr Richard Bates","data":{"first_name":"Richard","title":"Dr","dw_individual_id":"DW0011668","middle_name":"C","last_name":"Bates","source_individual_id":"RMIS706052","node_source":"NHMRC","node_type":"Researcher","source_system":"RMIS","full_name":"Dr Richard Bates"},"class":"Researcher","self":"http://localhost:7474/db/data/node/79868","size":1}],"class":"Grant","self":"http://localhost:7474/db/data/node/80","size":1}