{"color":"#FF4D4D","name":"Antigen Processing for MHC Class 1- Restricted T Cell Immunity","data":{"media_summary":"","end_year":2002,"keywords":["MHC CLASS 1","ANTIGEN","PROCESSING","PRESENTATION","PROTEASONE"],"nhmrc_grant_id":967306,"application_year":1995,"start_year":1996,"scientific_title":"Antigen Processing for MHC Class 1- Restricted T Cell Immunity","node_source":"NHMRC","node_type":"Grant","field_of_research":"Cellular Immunology","research_area":"Basic Science","for_category":"IMMUNOLOGY","cia_name":"A/Pr Weisan Chen","higher_grant_type":"Early Career Fellowships","purl":"http://purl.org/au-research/grants/nhmrc/967306","simplified_title":"Antigen Processing for MHC Class 1- Restricted T Cell Immunity","sub_type":"CJ Martin Biomedical ECF","total_budget":"313740.13","source_system":""},"children":[{"color":"#0066FF","name":"Ludwig Institute for Cancer Research","data":{"source":"NHMRC","name":"Ludwig Institute for Cancer Research","state":"VIC","type":"Research","node_source":"NHMRC","node_type":"Institution"},"class":"Institution","self":"http://localhost:7474/db/data/node/20","size":1},{"color":"#336699","name":"Prof Weisan Chen","data":{"first_name":"Weisan","title":"Prof","dw_individual_id":"DW0018204","middle_name":"","last_name":"Chen","source_individual_id":"RMIS676841","node_source":"NHMRC","node_type":"Researcher","source_system":"RMIS","full_name":"Prof Weisan Chen"},"class":"Researcher","self":"http://localhost:7474/db/data/node/81659","size":1}],"class":"Grant","self":"http://localhost:7474/db/data/node/81","size":1}