{"color":"#FF4D4D","name":"What is the role of iron in the aetiology of Parkinson's disease?","data":{"media_summary":"","end_year":2000,"keywords":["PARKINSON'S","IRON","NEUROMELANIN","FERRITIN","BRAIN"],"nhmrc_grant_id":967311,"application_year":1995,"start_year":1996,"scientific_title":"What is the role of iron in the aetiology of Parkinson's disease?","node_source":"NHMRC","node_type":"Grant","field_of_research":"Neurosciences not elsewhere classified","research_area":"Basic Science","for_category":"NEUROSCIENCES","cia_name":"A/Pr Kay Double","higher_grant_type":"Early Career Fellowships","purl":"http://purl.org/au-research/grants/nhmrc/967311","simplified_title":"What is the role of iron in the aetiology of Parkinson's disease?","sub_type":"CJ Martin Biomedical ECF","total_budget":"237632.15","source_system":""},"children":[{"color":"#0066FF","name":"University of New South Wales","data":{"source":"NHMRC","name":"University of New South Wales","state":"NSW","nla":"http://nla.gov.au/nla.party-593921","type":"University","node_source":"NHMRC","node_type":"Institution"},"class":"Institution","self":"http://localhost:7474/db/data/node/7","size":1},{"color":"#336699","name":"A/Pr Kay Double","data":{"first_name":"Kay","title":"A/Pr","dw_individual_id":"DW0024584","middle_name":"L","last_name":"Double","source_individual_id":"5014402","node_source":"NHMRC","node_type":"Researcher","source_system":"RGMS","full_name":"A/Pr Kay Double"},"class":"Researcher","self":"http://localhost:7474/db/data/node/83307","size":1}],"class":"Grant","self":"http://localhost:7474/db/data/node/82","size":1}