{"color":"#FF4D4D","name":"The association between childhood atopy and the intrauterine environment","data":{"media_summary":"","end_year":2001,"keywords":["ATOPY","INTERLEUKIN4","INTERFERON GAMMA","GESTATION","CHILDHOOD"],"nhmrc_grant_id":967327,"application_year":1995,"start_year":1996,"scientific_title":"The association between childhood atopy and the intrauterine environment","node_source":"NHMRC","node_type":"Grant","field_of_research":"Allergy","research_area":"Basic Science","for_category":"IMMUNOLOGY","cia_name":"Dr Catherine THORNTON (nee Jones)","higher_grant_type":"Early Career Fellowships","purl":"http://purl.org/au-research/grants/nhmrc/967327","simplified_title":"The association between childhood atopy and the intrauterine environment","sub_type":"CJ Martin Biomedical ECF","total_budget":"214725.83","source_system":""},"children":[{"color":"#0066FF","name":"University of Western Australia","data":{"source":"NHMRC","name":"University of Western Australia","state":"WA","nla":"http://nla.gov.au/nla.party-464686","type":"University","node_source":"NHMRC","node_type":"Institution"},"class":"Institution","self":"http://localhost:7474/db/data/node/40","size":1},{"color":"#336699","name":"Catherine Thornton (Nee Jones)","data":{"first_name":"Catherine","title":"","dw_individual_id":"DW0013992","middle_name":"","last_name":"Thornton (Nee Jones)","source_individual_id":"RMIS676847","node_source":"NHMRC","node_type":"Researcher","source_system":"RMIS","full_name":"Catherine Thornton (Nee Jones)"},"class":"Researcher","self":"http://localhost:7474/db/data/node/80478","size":1}],"class":"Grant","self":"http://localhost:7474/db/data/node/83","size":1}