{"color":"#FF4D4D","name":"Australian and New Zealand Council for the Care of Animals in Research and Teaching","data":{"research_area":"","research_area_code":"","purl":"http://purl.org/au-research/grants/arc/ANZCCART","description":"The ARC contributes to the operation of ANZCCART to provide leadership in developing community consensus on ethical, social and scientific issues relating to the use of animals in research and teaching.","scientific_title":"Australian and New Zealand Council for the Care of Animals in Research and Teaching","start_year":2002,"arc_grant_id":"ANZCCART","total_budget":"$504,546","arc_scheme":"ANZCCART","node_source":"ARC","node_type":"Grant"},"children":[{"color":"#0066FF","name":"The University of Adelaide","data":{"source":"ARC","name":"The University of Adelaide","state":"SA","nla":"http://nla.gov.au/nla.party-460832","node_source":"ARC","node_type":"Institution"},"class":"Institution","self":"http://localhost:7474/db/data/node/89063","size":1}],"class":"Grant","self":"http://localhost:7474/db/data/node/89065","size":1}