{"color":"#FF4D4D","name":"Anglo-Australian Observatory  Research Fellowship","data":{"research_area":"","research_area_code":"","purl":"http://purl.org/au-research/grants/arc/AR04/00252","description":"The Anglo-Australian Observatory Fellowship is managed by the Anglo-Australian Telescope Board through the Anglo-Australian Observatory (AAO)  and co-funded on a 50/50 basis by the ARC and the UK Particle Physics and Astronomy Research Council (PPARC). Each year one Fellowship is awarded alternately to Australian and British early career researchers to undertake postdoctoral work at the Anglo-Australian Observatory. The period of tenure of the Fellowship is two years with provision of an extension of up to 12 months in exceptional circumstances.","scientific_title":"Anglo-Australian Observatory  Research Fellowship","start_year":2002,"arc_grant_id":"AR04/00252","total_budget":"$547,122","arc_scheme":"AAO","node_source":"ARC","node_type":"Grant"},"children":[{"color":"#0066FF","name":"Anglo-Australian Observatory","data":{"source":"ARC","name":"Anglo-Australian Observatory","state":"NSW","nla":"http://nla.gov.au/nla.party-474309","node_source":"ARC","node_type":"Institution"},"class":"Institution","self":"http://localhost:7474/db/data/node/89066","size":1}],"class":"Grant","self":"http://localhost:7474/db/data/node/89068","size":1}