{"color":"#FF4D4D","name":"Centre for Advanced Silicon Photovoltaics and Photonics","data":{"research_area":"ELECTRICAL AND ELECTRONIC ENGINEERING","research_area_code":"2909","application_year":2002,"purl":"http://purl.org/au-research/grants/arc/CE0348155","description":"Silicon photovoltaics (Si PV) is a priority area within the Photon Science and Technology category.  Multiple studies have identified PV solar electricity as the most promising option for a sustainable energy future, with Australia already at the forefront internationally in Si PV.  The applicants recently have shown that insights from PV also may provide the key to the successful development of active Si photonic devices for integration into microelectronics. The Centre's aims and expected outcomes are to strengthen this technological lead in Si PV while pioneering the development of active Si photonic devices for microelectronic integration, with economic, cultural and social benefits.","scientific_title":"Centre for Advanced Silicon Photovoltaics and Photonics","start_year":2003,"arc_grant_id":"CE0348155","total_budget":"$19,375,000","arc_scheme":"CE","node_source":"ARC","node_type":"Grant"},"children":[{"color":"#0066FF","name":"The University of New South Wales","data":{"source":"ARC","name":"The University of New South Wales","state":"NSW","node_source":"ARC","node_type":"Institution"},"class":"Institution","self":"http://localhost:7474/db/data/node/89069","size":1},{"color":"#336699","name":"Dr A Wang","data":{"arc_personal_id":"CE0348155:Dr A Wang","node_source":"ARC","node_type":"Researcher","full_name":"Dr A Wang"},"class":"Researcher","self":"http://localhost:7474/db/data/node/89088","size":1},{"color":"#336699","name":"Dr T Trupke","data":{"arc_personal_id":"CE0348155:Dr T Trupke","node_source":"ARC","node_type":"Researcher","full_name":"Dr T Trupke"},"class":"Researcher","self":"http://localhost:7474/db/data/node/89087","size":1},{"color":"#336699","name":"Dr AB Sproul","data":{"arc_personal_id":"CE0348155:Dr AB Sproul","node_source":"ARC","node_type":"Researcher","full_name":"Dr AB Sproul"},"class":"Researcher","self":"http://localhost:7474/db/data/node/89086","size":1},{"color":"#336699","name":"Dr T Puzzer","data":{"arc_personal_id":"CE0348155:Dr T Puzzer","node_source":"ARC","node_type":"Researcher","full_name":"Dr T Puzzer"},"class":"Researcher","self":"http://localhost:7474/db/data/node/89085","size":1},{"color":"#336699","name":"Dr X Dai","data":{"arc_personal_id":"CE0348155:Dr X Dai","node_source":"ARC","node_type":"Researcher","full_name":"Dr X Dai"},"class":"Researcher","self":"http://localhost:7474/db/data/node/89084","size":1},{"color":"#336699","name":"Dr JE Cotter","data":{"arc_personal_id":"CE0348155:Dr JE Cotter","node_source":"ARC","node_type":"Researcher","full_name":"Dr JE Cotter"},"class":"Researcher","self":"http://localhost:7474/db/data/node/89083","size":1},{"color":"#336699","name":"Dr RP Corkish","data":{"arc_personal_id":"CE0348155:Dr RP Corkish","node_source":"ARC","node_type":"Researcher","full_name":"Dr RP Corkish"},"class":"Researcher","self":"http://localhost:7474/db/data/node/89082","size":1},{"color":"#336699","name":"Dr G Conibeer","data":{"arc_personal_id":"CE0348155:Dr G Conibeer","node_source":"ARC","node_type":"Researcher","full_name":"Dr G Conibeer"},"class":"Researcher","self":"http://localhost:7474/db/data/node/89081","size":1},{"color":"#336699","name":"Dr PR Campbell","data":{"arc_personal_id":"CE0348155:Dr PR Campbell","node_source":"ARC","node_type":"Researcher","full_name":"Dr PR Campbell"},"class":"Researcher","self":"http://localhost:7474/db/data/node/89080","size":1},{"color":"#336699","name":"Dr KR Catchpole","data":{"arc_personal_id":"CE0348155:Dr KR Catchpole","node_source":"ARC","node_type":"Researcher","full_name":"Dr KR Catchpole"},"class":"Researcher","self":"http://localhost:7474/db/data/node/89079","size":1},{"color":"#336699","name":"A/Prof J Zhao","data":{"arc_personal_id":"CE0348155:A/Prof J Zhao","node_source":"ARC","node_type":"Researcher","full_name":"A/Prof J Zhao"},"class":"Researcher","self":"http://localhost:7474/db/data/node/89078","size":1},{"color":"#336699","name":"A/Prof CB Honsberg","data":{"arc_personal_id":"CE0348155:A/Prof CB Honsberg","node_source":"ARC","node_type":"Researcher","full_name":"A/Prof CB Honsberg"},"class":"Researcher","self":"http://localhost:7474/db/data/node/89077","size":1},{"color":"#336699","name":"A/Prof AG Aberle","data":{"arc_personal_id":"CE0348155:A/Prof AG Aberle","node_source":"ARC","node_type":"Researcher","full_name":"A/Prof AG Aberle"},"class":"Researcher","self":"http://localhost:7474/db/data/node/89076","size":1},{"color":"#336699","name":"Adj/Prof PA Basore","data":{"arc_personal_id":"CE0348155:Adj/Prof PA Basore","node_source":"ARC","node_type":"Researcher","full_name":"Adj/Prof PA Basore"},"class":"Researcher","self":"http://localhost:7474/db/data/node/89075","size":1},{"color":"#336699","name":"Prof A Polman","data":{"arc_personal_id":"CE0348155:Prof A Polman","node_source":"ARC","node_type":"Researcher","full_name":"Prof A Polman"},"class":"Researcher","self":"http://localhost:7474/db/data/node/89074","size":1},{"color":"#336699","name":"Dr O Breitenstein","data":{"arc_personal_id":"CE0348155:Dr O Breitenstein","node_source":"ARC","node_type":"Researcher","full_name":"Dr O Breitenstein"},"class":"Researcher","self":"http://localhost:7474/db/data/node/89073","size":1},{"color":"#336699","name":"Prof MA Green","data":{"arc_personal_id":"CE0348155:Prof MA Green","node_source":"ARC","node_type":"Researcher","full_name":"Prof MA Green"},"class":"Researcher","self":"http://localhost:7474/db/data/node/89072","size":1},{"color":"#336699","name":"Prof SR Wenham","data":{"arc_personal_id":"CE0348155:Prof SR Wenham","node_source":"ARC","node_type":"Researcher","full_name":"Prof SR Wenham"},"class":"Researcher","self":"http://localhost:7474/db/data/node/89071","size":1}],"class":"Grant","self":"http://localhost:7474/db/data/node/89070","size":1}