{"color":"#FF4D4D","name":"Centre for Complex Dynamic Systems and Control","data":{"research_area":"MANUFACTURING ENGINEERING","research_area_code":"2903","application_year":2002,"purl":"http://purl.org/au-research/grants/arc/CE0348165","description":"Complex dynamic systems are an inescapable feature of the world we live in. Modelling, analysing and optimizing complex behaviour is crucial for environment, process industry, biomedical, energy distribution, transportation and other applications. The Centre for Complex Dynamic Systems and Control will become an international authority in the analysis, design and optimization of complex dynamic systems, pursuing both outstanding fundamental and cutting edge applied research outcomes. These outcomes will be of specific benefit to partner organizations including minerals, process, metal forming, and automotive industries.","scientific_title":"Centre for Complex Dynamic Systems and Control","start_year":2003,"arc_grant_id":"CE0348165","total_budget":"$13,749,290","arc_scheme":"CE","node_source":"ARC","node_type":"Grant"},"children":[{"color":"#0066FF","name":"The University of Newcastle","data":{"source":"ARC","name":"The University of Newcastle","state":"NSW","node_source":"ARC","node_type":"Institution"},"class":"Institution","self":"http://localhost:7474/db/data/node/89089","size":1},{"color":"#336699","name":"Dr AA Shook","data":{"arc_personal_id":"CE0348165:Dr AA Shook","node_source":"ARC","node_type":"Researcher","full_name":"Dr AA Shook"},"class":"Researcher","self":"http://localhost:7474/db/data/node/89109","size":1},{"color":"#336699","name":"Dr SA Domanti","data":{"arc_personal_id":"CE0348165:Dr SA Domanti","node_source":"ARC","node_type":"Researcher","full_name":"Dr SA Domanti"},"class":"Researcher","self":"http://localhost:7474/db/data/node/89108","size":1},{"color":"#336699","name":"Dr S Crisafulli","data":{"arc_personal_id":"CE0348165:Dr S Crisafulli","node_source":"ARC","node_type":"Researcher","full_name":"Dr S Crisafulli"},"class":"Researcher","self":"http://localhost:7474/db/data/node/89107","size":1},{"color":"#336699","name":"Dr GA Willis","data":{"arc_personal_id":"CE0348165:Dr GA Willis","node_source":"ARC","node_type":"Researcher","full_name":"Dr GA Willis"},"class":"Researcher","self":"http://localhost:7474/db/data/node/89106","size":1},{"color":"#336699","name":"Dr SR Weller","data":{"arc_personal_id":"CE0348165:Dr SR Weller","node_source":"ARC","node_type":"Researcher","full_name":"Dr SR Weller"},"class":"Researcher","self":"http://localhost:7474/db/data/node/89105","size":1},{"color":"#336699","name":"A/Prof B Sims","data":{"arc_personal_id":"CE0348165:A/Prof B Sims","node_source":"ARC","node_type":"Researcher","full_name":"A/Prof B Sims"},"class":"Researcher","self":"http://localhost:7474/db/data/node/89104","size":1},{"color":"#336699","name":"Dr MM Seron","data":{"arc_personal_id":"CE0348165:Dr MM Seron","node_source":"ARC","node_type":"Researcher","full_name":"Dr MM Seron"},"class":"Researcher","self":"http://localhost:7474/db/data/node/89103","size":1},{"color":"#336699","name":"Dr R Gerlach","data":{"arc_personal_id":"CE0348165:Dr R Gerlach","node_source":"ARC","node_type":"Researcher","full_name":"Dr R Gerlach"},"class":"Researcher","self":"http://localhost:7474/db/data/node/89102","size":1},{"color":"#336699","name":"Dr JA De Dona","data":{"arc_personal_id":"CE0348165:Dr JA De Dona","node_source":"ARC","node_type":"Researcher","full_name":"Dr JA De Dona"},"class":"Researcher","self":"http://localhost:7474/db/data/node/89101","size":1},{"color":"#336699","name":"Dr JH Braslavsky","data":{"arc_personal_id":"CE0348165:Dr JH Braslavsky","node_source":"ARC","node_type":"Researcher","full_name":"Dr JH Braslavsky"},"class":"Researcher","self":"http://localhost:7474/db/data/node/89100","size":1},{"color":"#336699","name":"Dr RO Watts","data":{"arc_personal_id":"CE0348165:Dr RO Watts","node_source":"ARC","node_type":"Researcher","full_name":"Dr RO Watts"},"class":"Researcher","self":"http://localhost:7474/db/data/node/89099","size":1},{"color":"#336699","name":"Dr WP Heath","data":{"arc_personal_id":"CE0348165:Dr WP Heath","node_source":"ARC","node_type":"Researcher","full_name":"Dr WP Heath"},"class":"Researcher","self":"http://localhost:7474/db/data/node/89098","size":1},{"color":"#336699","name":"Dr SO Moheimani","data":{"arc_personal_id":"CE0348165:Dr SO Moheimani","node_source":"ARC","node_type":"Researcher","full_name":"Dr SO Moheimani"},"class":"Researcher","self":"http://localhost:7474/db/data/node/89097","size":1},{"color":"#336699","name":"A/Prof BM Ninness","data":{"arc_personal_id":"CE0348165:A/Prof BM Ninness","node_source":"ARC","node_type":"Researcher","full_name":"A/Prof BM Ninness"},"class":"Researcher","self":"http://localhost:7474/db/data/node/89096","size":1},{"color":"#336699","name":"Prof I Raeburn","data":{"arc_personal_id":"CE0348165:Prof I Raeburn","node_source":"ARC","node_type":"Researcher","full_name":"Prof I Raeburn"},"class":"Researcher","self":"http://localhost:7474/db/data/node/89095","size":1},{"color":"#336699","name":"Prof KL Mengersen","data":{"arc_personal_id":"CE0348165:Prof KL Mengersen","node_source":"ARC","node_type":"Researcher","full_name":"Prof KL Mengersen"},"class":"Researcher","self":"http://localhost:7474/db/data/node/89094","size":1},{"color":"#336699","name":"Prof M Fu","data":{"arc_personal_id":"CE0348165:Prof M Fu","node_source":"ARC","node_type":"Researcher","full_name":"Prof M Fu"},"class":"Researcher","self":"http://localhost:7474/db/data/node/89093","size":1},{"color":"#336699","name":"Prof GC Goodwin","data":{"arc_personal_id":"CE0348165:Prof GC Goodwin","node_source":"ARC","node_type":"Researcher","full_name":"Prof GC Goodwin"},"class":"Researcher","self":"http://localhost:7474/db/data/node/89092","size":1},{"color":"#336699","name":"Prof RH Middleton","data":{"arc_personal_id":"CE0348165:Prof RH Middleton","node_source":"ARC","node_type":"Researcher","full_name":"Prof RH Middleton"},"class":"Researcher","self":"http://localhost:7474/db/data/node/89091","size":1}],"class":"Grant","self":"http://localhost:7474/db/data/node/89090","size":1}