{"color":"#FF4D4D","name":"Centre of Excellence for Perceptive and Intelligent Machines in Complex Environments","data":{"research_area":"ARTIFICIAL INTELLIGENCE AND SIGNAL AND IMAGE PROCESSING","research_area_code":"2802","application_year":2002,"purl":"http://purl.org/au-research/grants/arc/CE0348177","description":"The Centre for Perceptive and Intelligent Machines in Complex Environments will perform fundamental research into and construct reliable large-scale systems of networked sensors, computational intelligence, mobile robots, and knowledge sources to support a large variety of critical human tasks, including surveillance/ security (eg. borders/airports/homes), health care support (eg. smart houses/ health condition monitoring, semi autonomous wheelchairs), and civil disaster support (eg. fighting bushfires, looking for people in rubble) always keeping people in the loop so that strong human/ machine cooperative ventures can achieve what neither human or machines could accomplish independently. ","scientific_title":"Centre of Excellence for Perceptive and Intelligent Machines in Complex Environments","start_year":2003,"arc_grant_id":"CE0348177","total_budget":"$5,625,165","arc_scheme":"CE","node_source":"ARC","node_type":"Grant"},"children":[{"color":"#0066FF","name":"Monash University","data":{"source":"ARC","name":"Monash University","state":"Vic","nla":"http://nla.gov.au/nla.party-507067","node_source":"ARC","node_type":"Institution"},"class":"Institution","self":"http://localhost:7474/db/data/node/89110","size":1},{"color":"#336699","name":"Prof TM Caelli","data":{"arc_personal_id":"CE0348177:Prof TM Caelli","node_source":"ARC","node_type":"Researcher","full_name":"Prof TM Caelli"},"class":"Researcher","self":"http://localhost:7474/db/data/node/89129","size":1},{"color":"#336699","name":"Dr H Wang","data":{"arc_personal_id":"CE0348177:Dr H Wang","node_source":"ARC","node_type":"Researcher","full_name":"Dr H Wang"},"class":"Researcher","self":"http://localhost:7474/db/data/node/89128","size":1},{"color":"#336699","name":"Prof B Shirazi","data":{"arc_personal_id":"CE0348177:Prof B Shirazi","node_source":"ARC","node_type":"Researcher","full_name":"Prof B Shirazi"},"class":"Researcher","self":"http://localhost:7474/db/data/node/89127","size":1},{"color":"#336699","name":"Prof Y Shirai","data":{"arc_personal_id":"CE0348177:Prof Y Shirai","node_source":"ARC","node_type":"Researcher","full_name":"Prof Y Shirai"},"class":"Researcher","self":"http://localhost:7474/db/data/node/89126","size":1},{"color":"#336699","name":"Prof R Kotagiri","data":{"arc_personal_id":"CE0348177:Prof R Kotagiri","node_source":"ARC","node_type":"Researcher","full_name":"Prof R Kotagiri"},"class":"Researcher","self":"http://localhost:7474/db/data/node/89125","size":1},{"color":"#336699","name":"A/Prof PJ Stuckey","data":{"arc_personal_id":"CE0348177:A/Prof PJ Stuckey","node_source":"ARC","node_type":"Researcher","full_name":"A/Prof PJ Stuckey"},"class":"Researcher","self":"http://localhost:7474/db/data/node/89124","size":1},{"color":"#336699","name":"Prof LS Sterling","data":{"arc_personal_id":"CE0348177:Prof LS Sterling","node_source":"ARC","node_type":"Researcher","full_name":"Prof LS Sterling"},"class":"Researcher","self":"http://localhost:7474/db/data/node/89123","size":1},{"color":"#336699","name":"A/Prof AM Moffat","data":{"arc_personal_id":"CE0348177:A/Prof AM Moffat","node_source":"ARC","node_type":"Researcher","full_name":"A/Prof AM Moffat"},"class":"Researcher","self":"http://localhost:7474/db/data/node/89122","size":1},{"color":"#336699","name":"Prof MV Srinivasan","data":{"arc_personal_id":"CE0348177:Prof MV Srinivasan","node_source":"ARC","node_type":"Researcher","full_name":"Prof MV Srinivasan"},"class":"Researcher","self":"http://localhost:7474/db/data/node/89121","size":1},{"color":"#336699","name":"Prof GA West","data":{"arc_personal_id":"CE0348177:Prof GA West","node_source":"ARC","node_type":"Researcher","full_name":"Prof GA West"},"class":"Researcher","self":"http://localhost:7474/db/data/node/89120","size":1},{"color":"#336699","name":"Prof S Venkatesh","data":{"arc_personal_id":"CE0348177:Prof S Venkatesh","node_source":"ARC","node_type":"Researcher","full_name":"Prof S Venkatesh"},"class":"Researcher","self":"http://localhost:7474/db/data/node/89119","size":1},{"color":"#336699","name":"A/Prof I Zukerman","data":{"arc_personal_id":"CE0348177:A/Prof I Zukerman","node_source":"ARC","node_type":"Researcher","full_name":"A/Prof I Zukerman"},"class":"Researcher","self":"http://localhost:7474/db/data/node/89118","size":1},{"color":"#336699","name":"Dr DL Morgan","data":{"arc_personal_id":"CE0348177:Dr DL Morgan","node_source":"ARC","node_type":"Researcher","full_name":"Dr DL Morgan"},"class":"Researcher","self":"http://localhost:7474/db/data/node/89117","size":1},{"color":"#336699","name":"A/Prof D Suter","data":{"arc_personal_id":"CE0348177:A/Prof D Suter","node_source":"ARC","node_type":"Researcher","full_name":"A/Prof D Suter"},"class":"Researcher","self":"http://localhost:7474/db/data/node/89116","size":1},{"color":"#336699","name":"A/Prof RA Russell","data":{"arc_personal_id":"CE0348177:A/Prof RA Russell","node_source":"ARC","node_type":"Researcher","full_name":"A/Prof RA Russell"},"class":"Researcher","self":"http://localhost:7474/db/data/node/89115","size":1},{"color":"#336699","name":"A/Prof L Kleeman","data":{"arc_personal_id":"CE0348177:A/Prof L Kleeman","node_source":"ARC","node_type":"Researcher","full_name":"A/Prof L Kleeman"},"class":"Researcher","self":"http://localhost:7474/db/data/node/89114","size":1},{"color":"#336699","name":"Prof RA Jarvis","data":{"arc_personal_id":"CE0348177:Prof RA Jarvis","node_source":"ARC","node_type":"Researcher","full_name":"Prof RA Jarvis"},"class":"Researcher","self":"http://localhost:7474/db/data/node/89113","size":1}],"class":"Grant","self":"http://localhost:7474/db/data/node/89112","size":1}