{"color":"#FF4D4D","name":"Australian Centre for Quantum-Atom Optics","data":{"research_area":"ATOMIC AND MOLECULAR PHYSICS; NUCLEAR AND PARTICLE PHYSICS; PLASMA PHYSICS","research_area_code":"2403","application_year":2002,"purl":"http://purl.org/au-research/grants/arc/CE0348178","description":"The Centre will combine pre-eminent Australian theoretical and experimental research groups in quantum and atom optics to create a powerful network to advance the rapidly developing field of Quantum-Atom Optics.  We will exploit the quantum nature of multiple particle quantum states of atoms and photons including entangled light and Bose-Einstein condensates. The Centre will focus on fundamental research, but our long term goal is to underpin and develop the next generation quantum technology.  We aim to build a quantum toolbox to enable applications such as the transfer and storage of information for photonics, and precision quantum control of atoms for enhanced atom interferometry.","scientific_title":"Australian Centre for Quantum-Atom Optics","start_year":2003,"arc_grant_id":"CE0348178","total_budget":"$16,950,000","arc_scheme":"CE","node_source":"ARC","node_type":"Grant"},"children":[{"color":"#0066FF","name":"The Australian National University","data":{"source":"ARC","name":"The Australian National University","state":"ACT","node_source":"ARC","node_type":"Institution"},"class":"Institution","self":"http://localhost:7474/db/data/node/89130","size":1},{"color":"#336699","name":"Dr WJ Rowlands","data":{"arc_personal_id":"CE0348178:Dr WJ Rowlands","node_source":"ARC","node_type":"Researcher","full_name":"Dr WJ Rowlands"},"class":"Researcher","self":"http://localhost:7474/db/data/node/89150","size":1},{"color":"#336699","name":"Prof R McLean","data":{"arc_personal_id":"CE0348178:Prof R McLean","node_source":"ARC","node_type":"Researcher","full_name":"Prof R McLean"},"class":"Researcher","self":"http://localhost:7474/db/data/node/89149","size":1},{"color":"#336699","name":"Prof TD Kieu","data":{"arc_personal_id":"CE0348178:Prof TD Kieu","node_source":"ARC","node_type":"Researcher","full_name":"Prof TD Kieu"},"class":"Researcher","self":"http://localhost:7474/db/data/node/89148","size":1},{"color":"#336699","name":"Prof P Hannaford","data":{"arc_personal_id":"CE0348178:Prof P Hannaford","node_source":"ARC","node_type":"Researcher","full_name":"Prof P Hannaford"},"class":"Researcher","self":"http://localhost:7474/db/data/node/89147","size":1},{"color":"#336699","name":"A/Prof BJ Dalton","data":{"arc_personal_id":"CE0348178:A/Prof BJ Dalton","node_source":"ARC","node_type":"Researcher","full_name":"A/Prof BJ Dalton"},"class":"Researcher","self":"http://localhost:7474/db/data/node/89146","size":1},{"color":"#336699","name":"Dr MD Reid","data":{"arc_personal_id":"CE0348178:Dr MD Reid","node_source":"ARC","node_type":"Researcher","full_name":"Dr MD Reid"},"class":"Researcher","self":"http://localhost:7474/db/data/node/89145","size":1},{"color":"#336699","name":"Dr KV Kheruntsyan","data":{"arc_personal_id":"CE0348178:Dr KV Kheruntsyan","node_source":"ARC","node_type":"Researcher","full_name":"Dr KV Kheruntsyan"},"class":"Researcher","self":"http://localhost:7474/db/data/node/89144","size":1},{"color":"#336699","name":"Prof PD Drummond","data":{"arc_personal_id":"CE0348178:Prof PD Drummond","node_source":"ARC","node_type":"Researcher","full_name":"Prof PD Drummond"},"class":"Researcher","self":"http://localhost:7474/db/data/node/89143","size":1},{"color":"#336699","name":"Dr MJ Davis","data":{"arc_personal_id":"CE0348178:Dr MJ Davis","node_source":"ARC","node_type":"Researcher","full_name":"Dr MJ Davis"},"class":"Researcher","self":"http://localhost:7474/db/data/node/89142","size":1},{"color":"#336699","name":"Dr JF Corney","data":{"arc_personal_id":"CE0348178:Dr JF Corney","node_source":"ARC","node_type":"Researcher","full_name":"Dr JF Corney"},"class":"Researcher","self":"http://localhost:7474/db/data/node/89141","size":1},{"color":"#336699","name":"Dr AG Truscott","data":{"arc_personal_id":"CE0348178:Dr AG Truscott","node_source":"ARC","node_type":"Researcher","full_name":"Dr AG Truscott"},"class":"Researcher","self":"http://localhost:7474/db/data/node/89140","size":1},{"color":"#336699","name":"Dr CM Savage","data":{"arc_personal_id":"CE0348178:Dr CM Savage","node_source":"ARC","node_type":"Researcher","full_name":"Dr CM Savage"},"class":"Researcher","self":"http://localhost:7474/db/data/node/89139","size":1},{"color":"#336699","name":"Dr EA Ostrovskaya","data":{"arc_personal_id":"CE0348178:Dr EA Ostrovskaya","node_source":"ARC","node_type":"Researcher","full_name":"Dr EA Ostrovskaya"},"class":"Researcher","self":"http://localhost:7474/db/data/node/89138","size":1},{"color":"#336699","name":"Dr P Lam","data":{"arc_personal_id":"CE0348178:Dr P Lam","node_source":"ARC","node_type":"Researcher","full_name":"Dr P Lam"},"class":"Researcher","self":"http://localhost:7474/db/data/node/89137","size":1},{"color":"#336699","name":"Prof YS Kivshar","data":{"arc_personal_id":"CE0348178:Prof YS Kivshar","node_source":"ARC","node_type":"Researcher","full_name":"Prof YS Kivshar"},"class":"Researcher","self":"http://localhost:7474/db/data/node/89136","size":1},{"color":"#336699","name":"Dr JJ Hope","data":{"arc_personal_id":"CE0348178:Dr JJ Hope","node_source":"ARC","node_type":"Researcher","full_name":"Dr JJ Hope"},"class":"Researcher","self":"http://localhost:7474/db/data/node/89135","size":1},{"color":"#336699","name":"Dr JD Close","data":{"arc_personal_id":"CE0348178:Dr JD Close","node_source":"ARC","node_type":"Researcher","full_name":"Dr JD Close"},"class":"Researcher","self":"http://localhost:7474/db/data/node/89134","size":1},{"color":"#336699","name":"Dr KG Baldwin","data":{"arc_personal_id":"CE0348178:Dr KG Baldwin","node_source":"ARC","node_type":"Researcher","full_name":"Dr KG Baldwin"},"class":"Researcher","self":"http://localhost:7474/db/data/node/89133","size":1},{"color":"#336699","name":"Prof HA Bachor","data":{"arc_personal_id":"CE0348178:Prof HA Bachor","node_source":"ARC","node_type":"Researcher","full_name":"Prof HA Bachor"},"class":"Researcher","self":"http://localhost:7474/db/data/node/89132","size":1}],"class":"Grant","self":"http://localhost:7474/db/data/node/89131","size":1}