{"color":"#FF4D4D","name":"ARC Centre of Excellence in Structural and Functional Microbial Genomics","data":{"research_area":"MICROBIOLOGY","research_area_code":"2703","application_year":2002,"purl":"http://purl.org/au-research/grants/arc/CE0348193","description":"Australian Primary Industry will benefit from a team of experts in microbial genetics, bioinformatics and protein structure and function undertaking integrated studies on microbial genomics and phenomics that are focused on fundamental biological processes and host/pathogen interactions. Whole genome expression and protein profiling will be used to characterise genes whose expression is altered in the infected host and to analyse genes involved in the control of key cellular processes. The Centre will also determine the shapes of key molecules and their interactions. Practical outcomes will include new veterinary vaccines and the identification of novel antimicrobial targets.","scientific_title":"ARC Centre of Excellence in Structural and Functional Microbial Genomics","start_year":2003,"arc_grant_id":"CE0348193","total_budget":"$4,897,495","arc_scheme":"CE","node_source":"ARC","node_type":"Grant"},"children":[{"color":"#0066FF","name":"Monash University","data":{"source":"ARC","name":"Monash University","state":"Vic","nla":"http://nla.gov.au/nla.party-507067","node_source":"ARC","node_type":"Institution"},"class":"Institution","self":"http://localhost:7474/db/data/node/89110","size":1},{"color":"#336699","name":"David Reser","data":{"first_name":"David","university_url":"http://www.med.monash.edu.au/physiology/staff/reser.html","email":"","social":"","last_name":"Reser","node_source":"Web","node_type":"Researcher","full_name":"David Reser"},"children":[{"color":"#123456","name":"doi:10.5061/dryad.g2r32","data":{"node_source":"Dryad","node_type":"Dataset","doi":"doi:10.5061/dryad.g2r32"},"class":"Dataset","self":"http://localhost:7474/db/data/node/141464","size":1}],"class":"Researcher","self":"http://localhost:7474/db/data/node/141463","size":1},{"color":"#336699","name":"Dr JC Whisstock","data":{"arc_personal_id":"CE0348193:Dr JC Whisstock","node_source":"ARC","node_type":"Researcher","full_name":"Dr JC Whisstock"},"class":"Researcher","self":"http://localhost:7474/db/data/node/89160","size":1},{"color":"#336699","name":"Dr J Rossjohn","data":{"arc_personal_id":"CE0348193:Dr J Rossjohn","node_source":"ARC","node_type":"Researcher","full_name":"Dr J Rossjohn"},"class":"Researcher","self":"http://localhost:7474/db/data/node/89159","size":1},{"color":"#336699","name":"Prof JI Rood","data":{"arc_personal_id":"CE0348193:Prof JI Rood","node_source":"ARC","node_type":"Researcher","full_name":"Prof JI Rood"},"class":"Researcher","self":"http://localhost:7474/db/data/node/89158","size":1},{"color":"#336699","name":"Prof P Nagley","data":{"arc_personal_id":"CE0348193:Prof P Nagley","node_source":"ARC","node_type":"Researcher","full_name":"Prof P Nagley"},"class":"Researcher","self":"http://localhost:7474/db/data/node/89157","size":1},{"color":"#336699","name":"A/Prof RJ Devenish","data":{"arc_personal_id":"CE0348193:A/Prof RJ Devenish","node_source":"ARC","node_type":"Researcher","full_name":"A/Prof RJ Devenish"},"class":"Researcher","self":"http://localhost:7474/db/data/node/89156","size":1},{"color":"#336699","name":"A/Prof JK Davies","data":{"arc_personal_id":"CE0348193:A/Prof JK Davies","node_source":"ARC","node_type":"Researcher","full_name":"A/Prof JK Davies"},"class":"Researcher","self":"http://localhost:7474/db/data/node/89155","size":1},{"color":"#336699","name":"Prof RL Coppel","data":{"arc_personal_id":"CE0348193:Prof RL Coppel","node_source":"ARC","node_type":"Researcher","full_name":"Prof RL Coppel"},"class":"Researcher","self":"http://localhost:7474/db/data/node/89154","size":1},{"color":"#336699","name":"Prof DE Taylor","data":{"arc_personal_id":"CE0348193:Prof DE Taylor","node_source":"ARC","node_type":"Researcher","full_name":"Prof DE Taylor"},"class":"Researcher","self":"http://localhost:7474/db/data/node/89153","size":1},{"color":"#336699","name":"Prof B Adler","data":{"arc_personal_id":"CE0348193:Prof B Adler","node_source":"ARC","node_type":"Researcher","full_name":"Prof B Adler"},"class":"Researcher","self":"http://localhost:7474/db/data/node/89152","size":1}],"class":"Grant","self":"http://localhost:7474/db/data/node/89151","size":1}