{"color":"#FF4D4D","name":"National Centre for Solar Energy Systems","data":{"research_area":"ENVIRONMENTAL ENGINEERING","research_area_code":"2911","application_year":2002,"purl":"http://purl.org/au-research/grants/arc/CE0348198","description":"The National Centre of Excellence for Solar Energy Systems will be an international leader in research, commercialisation and education in the area of solar energy conversion. Research will be conducted into solar cell and solar thermal technologies, including thin crystalline and amorphous silicon solar cells that use far less silicon than conventional cells; systems that concentrate sunlight by 50-500 times; and very efficient solar cells for use in concentrator systems. Expected outcomes include long-term research, commercial research, publications, education, community outreach and commercialisation of solar energy technologies to benefit Australia's economy and environment.","scientific_title":"National Centre for Solar Energy Systems","start_year":2003,"arc_grant_id":"CE0348198","total_budget":"$2,674,665","arc_scheme":"CE","node_source":"ARC","node_type":"Grant"},"children":[{"color":"#0066FF","name":"The Australian National University","data":{"source":"ARC","name":"The Australian National University","state":"ACT","node_source":"ARC","node_type":"Institution"},"class":"Institution","self":"http://localhost:7474/db/data/node/89130","size":1},{"color":"#336699","name":"Dr TL Pryor","data":{"arc_personal_id":"CE0348198:Dr TL Pryor","node_source":"ARC","node_type":"Researcher","full_name":"Dr TL Pryor"},"class":"Researcher","self":"http://localhost:7474/db/data/node/89175","size":1},{"color":"#336699","name":"Dr JC Cornish","data":{"arc_personal_id":"CE0348198:Dr JC Cornish","node_source":"ARC","node_type":"Researcher","full_name":"Dr JC Cornish"},"class":"Researcher","self":"http://localhost:7474/db/data/node/89174","size":1},{"color":"#336699","name":"Dr CP Lund","data":{"arc_personal_id":"CE0348198:Dr CP Lund","node_source":"ARC","node_type":"Researcher","full_name":"Dr CP Lund"},"class":"Researcher","self":"http://localhost:7474/db/data/node/89173","size":1},{"color":"#336699","name":"Dr MJ Kerr","data":{"arc_personal_id":"CE0348198:Dr MJ Kerr","node_source":"ARC","node_type":"Researcher","full_name":"Dr MJ Kerr"},"class":"Researcher","self":"http://localhost:7474/db/data/node/89172","size":1},{"color":"#336699","name":"Dr JH Babaei","data":{"arc_personal_id":"CE0348198:Dr JH Babaei","node_source":"ARC","node_type":"Researcher","full_name":"Dr JH Babaei"},"class":"Researcher","self":"http://localhost:7474/db/data/node/89171","size":1},{"color":"#336699","name":"Dr VA Everett","data":{"arc_personal_id":"CE0348198:Dr VA Everett","node_source":"ARC","node_type":"Researcher","full_name":"Dr VA Everett"},"class":"Researcher","self":"http://localhost:7474/db/data/node/89170","size":1},{"color":"#336699","name":"Dr GH Johnston","data":{"arc_personal_id":"CE0348198:Dr GH Johnston","node_source":"ARC","node_type":"Researcher","full_name":"Dr GH Johnston"},"class":"Researcher","self":"http://localhost:7474/db/data/node/89169","size":1},{"color":"#336699","name":"Dr KM Lovegrove","data":{"arc_personal_id":"CE0348198:Dr KM Lovegrove","node_source":"ARC","node_type":"Researcher","full_name":"Dr KM Lovegrove"},"class":"Researcher","self":"http://localhost:7474/db/data/node/89168","size":1},{"color":"#336699","name":"Dr DH Macdonald","data":{"arc_personal_id":"CE0348198:Dr DH Macdonald","node_source":"ARC","node_type":"Researcher","full_name":"Dr DH Macdonald"},"class":"Researcher","self":"http://localhost:7474/db/data/node/89167","size":1},{"color":"#336699","name":"Prof PJ Jennings","data":{"arc_personal_id":"CE0348198:Prof PJ Jennings","node_source":"ARC","node_type":"Researcher","full_name":"Prof PJ Jennings"},"class":"Researcher","self":"http://localhost:7474/db/data/node/89166","size":1},{"color":"#336699","name":"Dr PJ Verlinden","data":{"arc_personal_id":"CE0348198:Dr PJ Verlinden","node_source":"ARC","node_type":"Researcher","full_name":"Dr PJ Verlinden"},"class":"Researcher","self":"http://localhost:7474/db/data/node/89165","size":1},{"color":"#336699","name":"Dr MJ Stocks","data":{"arc_personal_id":"CE0348198:Dr MJ Stocks","node_source":"ARC","node_type":"Researcher","full_name":"Dr MJ Stocks"},"class":"Researcher","self":"http://localhost:7474/db/data/node/89164","size":1},{"color":"#336699","name":"Dr KJ Weber","data":{"arc_personal_id":"CE0348198:Dr KJ Weber","node_source":"ARC","node_type":"Researcher","full_name":"Dr KJ Weber"},"class":"Researcher","self":"http://localhost:7474/db/data/node/89163","size":1},{"color":"#336699","name":"Prof AW Blakers","data":{"arc_personal_id":"CE0348198:Prof AW Blakers","node_source":"ARC","node_type":"Researcher","full_name":"Prof AW Blakers"},"class":"Researcher","self":"http://localhost:7474/db/data/node/89162","size":1}],"class":"Grant","self":"http://localhost:7474/db/data/node/89161","size":1}