{"color":"#FF4D4D","name":"ARC Kangaroo Genome Centre of Excellence","data":{"research_area":"GENETICS","research_area_code":"2702","application_year":2002,"purl":"http://purl.org/au-research/grants/arc/CE0348205","description":"In this Australian-led Kangaroo Genome Project, we will map and characterize the tammar wallaby genome at the molecular level. Marsupial genomes are uniquely valuable because they provide comparisons that reveal new human genes, regulatory sequences and marsupial-specific genes. These  will deliver new products and information useful for medicine, industry, agriculture and conservation.     We will construct integrated genetic and physical maps of the genome, clone the whole genome as large inserts in BAC vectors, and build a ?golden path? with minimal overlap. We will construct libraries of expressed genes from tammar tissues and array them for use in analysing gene expression.   ","scientific_title":"ARC Kangaroo Genome Centre of Excellence","start_year":2003,"arc_grant_id":"CE0348205","total_budget":"$5,271,140","arc_scheme":"CE","node_source":"ARC","node_type":"Grant"},"children":[{"color":"#0066FF","name":"The Australian National University","data":{"source":"ARC","name":"The Australian National University","state":"ACT","node_source":"ARC","node_type":"Institution"},"class":"Institution","self":"http://localhost:7474/db/data/node/89130","size":1},{"color":"#336699","name":"Kathy Belov","data":{"first_name":"Kathy","rda":"http://researchdata.ands.org.au/katherine-belov/341529","university_url":"http://sydney.edu.au/vetscience/about/staff/kbelov.shtml","email":"","social":"","last_name":"Belov","node_source":"Web","node_type":"Researcher","have_grants":true,"full_name":"Kathy Belov"},"children":[{"color":"#123456","name":"doi:10.5061/dryad.4qq0v","data":{"node_source":"Dryad","node_type":"Dataset","doi":"doi:10.5061/dryad.4qq0v"},"class":"Dataset","self":"http://localhost:7474/db/data/node/141090","size":1}],"class":"Researcher","self":"http://localhost:7474/db/data/node/141087","size":1},{"color":"#336699","name":"Prof JS Mattick","data":{"arc_personal_id":"CE0348205:Prof JS Mattick","node_source":"ARC","node_type":"Researcher","full_name":"Prof JS Mattick"},"class":"Researcher","self":"http://localhost:7474/db/data/node/89182","size":1},{"color":"#336699","name":"Prof TP Speed","data":{"arc_personal_id":"CE0348205:Prof TP Speed","node_source":"ARC","node_type":"Researcher","full_name":"Prof TP Speed"},"class":"Researcher","self":"http://localhost:7474/db/data/node/89181","size":1},{"color":"#336699","name":"Prof DW Cooper","data":{"arc_personal_id":"CE0348205:Prof DW Cooper","node_source":"ARC","node_type":"Researcher","full_name":"Prof DW Cooper"},"class":"Researcher","self":"http://localhost:7474/db/data/node/89180","size":1},{"color":"#336699","name":"Prof MB Renfree","data":{"arc_personal_id":"CE0348205:Prof MB Renfree","node_source":"ARC","node_type":"Researcher","full_name":"Prof MB Renfree"},"class":"Researcher","self":"http://localhost:7474/db/data/node/89179","size":1},{"color":"#336699","name":"Prof JA Graves","data":{"arc_personal_id":"CE0348205:Prof JA Graves","node_source":"ARC","node_type":"Researcher","full_name":"Prof JA Graves"},"class":"Researcher","self":"http://localhost:7474/db/data/node/89178","size":1},{"color":"#336699","name":"Dr R Toder","data":{"arc_personal_id":"CE0348205:Dr R Toder","node_source":"ARC","node_type":"Researcher","full_name":"Dr R Toder"},"class":"Researcher","self":"http://localhost:7474/db/data/node/89177","size":1}],"class":"Grant","self":"http://localhost:7474/db/data/node/89176","size":1}