{"color":"#FF4D4D","name":"CENTRE for INTEGRATIVE LEGUME RESEARCH","data":{"research_area":"GENETICS","research_area_code":"2702","application_year":2002,"purl":"http://purl.org/au-research/grants/arc/CE0348212","description":"Legumes are essential for environmental sustainability and are important for maintaining human health.  The Centre combines innovative genomic approaches to investigate the causal phenotypic links required for regulation of legume growth.  The unique coexistence of multiple pluripotent meristems in shoots, roots, flowers and nodules permits the discovery of new paradigms governing legume architecture, reproductive differentiation and root-nodule development.  New knowledge of the plant growth processes through mechanistic analysis of organ induction provides the tools to optimise the legume's productivity, quality, and environment adaptation.","scientific_title":"CENTRE for INTEGRATIVE LEGUME RESEARCH","start_year":2003,"arc_grant_id":"CE0348212","total_budget":"$16,900,000","arc_scheme":"CE","node_source":"ARC","node_type":"Grant"},"children":[{"color":"#0066FF","name":"The University of Queensland","data":{"source":"ARC","name":"The University of Queensland","state":"Qld","node_source":"ARC","node_type":"Institution"},"class":"Institution","self":"http://localhost:7474/db/data/node/89183","size":1},{"color":"#336699","name":"Prof CR Parish","data":{"arc_personal_id":"CE0348212:Prof CR Parish","node_source":"ARC","node_type":"Researcher","full_name":"Prof CR Parish"},"class":"Researcher","self":"http://localhost:7474/db/data/node/89195","size":1},{"color":"#336699","name":"Dr GF Weiller","data":{"arc_personal_id":"CE0348212:Dr GF Weiller","node_source":"ARC","node_type":"Researcher","full_name":"Dr GF Weiller"},"class":"Researcher","self":"http://localhost:7474/db/data/node/89194","size":1},{"color":"#336699","name":"A/Prof PL Bhalla","data":{"arc_personal_id":"CE0348212:A/Prof PL Bhalla","node_source":"ARC","node_type":"Researcher","full_name":"A/Prof PL Bhalla"},"class":"Researcher","self":"http://localhost:7474/db/data/node/89193","size":1},{"color":"#336699","name":"Dr MA Djordjevic","data":{"arc_personal_id":"CE0348212:Dr MA Djordjevic","node_source":"ARC","node_type":"Researcher","full_name":"Dr MA Djordjevic"},"class":"Researcher","self":"http://localhost:7474/db/data/node/89192","size":1},{"color":"#336699","name":"Dr U Mathesius","data":{"arc_personal_id":"CE0348212:Dr U Mathesius","node_source":"ARC","node_type":"Researcher","full_name":"Dr U Mathesius"},"class":"Researcher","self":"http://localhost:7474/db/data/node/89191","size":1},{"color":"#336699","name":"Dr CA Beveridge","data":{"arc_personal_id":"CE0348212:Dr CA Beveridge","node_source":"ARC","node_type":"Researcher","full_name":"Dr CA Beveridge"},"class":"Researcher","self":"http://localhost:7474/db/data/node/89190","size":1},{"color":"#336699","name":"Dr BJ Carroll","data":{"arc_personal_id":"CE0348212:Dr BJ Carroll","node_source":"ARC","node_type":"Researcher","full_name":"Dr BJ Carroll"},"class":"Researcher","self":"http://localhost:7474/db/data/node/89189","size":1},{"color":"#336699","name":"A/Prof RJ Rose","data":{"arc_personal_id":"CE0348212:A/Prof RJ Rose","node_source":"ARC","node_type":"Researcher","full_name":"A/Prof RJ Rose"},"class":"Researcher","self":"http://localhost:7474/db/data/node/89188","size":1},{"color":"#336699","name":"A/Prof MB Singh","data":{"arc_personal_id":"CE0348212:A/Prof MB Singh","node_source":"ARC","node_type":"Researcher","full_name":"A/Prof MB Singh"},"class":"Researcher","self":"http://localhost:7474/db/data/node/89187","size":1},{"color":"#336699","name":"Prof BG Rolfe","data":{"arc_personal_id":"CE0348212:Prof BG Rolfe","node_source":"ARC","node_type":"Researcher","full_name":"Prof BG Rolfe"},"class":"Researcher","self":"http://localhost:7474/db/data/node/89186","size":1},{"color":"#336699","name":"Prof PM Gresshoff","data":{"arc_personal_id":"CE0348212:Prof PM Gresshoff","node_source":"ARC","node_type":"Researcher","full_name":"Prof PM Gresshoff"},"class":"Researcher","self":"http://localhost:7474/db/data/node/89185","size":1}],"class":"Grant","self":"http://localhost:7474/db/data/node/89184","size":1}