{"color":"#FF4D4D","name":"Centre for Mathematical and Statistical Modelling of Complex Systems","data":{"research_area":"STATISTICS","research_area_code":"2302","application_year":2002,"purl":"http://purl.org/au-research/grants/arc/CE0348217","description":"This Centre, formed by a group of high-profile researchers, brings expertise from linked but hitherto disparate areas together. It will place Australia at the forefront of research into complex systems.    The mission of the Centre is to stimulate research in mathematical and statistical modelling of complex systems and to encourage cross-fertilisation of ideas and techniques. The specific objectives are     - to formulate and analyse mathematical and statistical models for natural and artificial complex systems,      - to use these models to develop an understanding of the behaviour of these systems    - to incorporate this understanding into strategies for management and control. ","scientific_title":"Centre for Mathematical and Statistical Modelling of Complex Systems","start_year":2003,"arc_grant_id":"CE0348217","total_budget":"$15,861,051","arc_scheme":"CE","node_source":"ARC","node_type":"Grant"},"children":[{"color":"#0066FF","name":"The University of Melbourne","data":{"source":"ARC","name":"The University of Melbourne","state":"Vic","node_source":"ARC","node_type":"Institution"},"class":"Institution","self":"http://localhost:7474/db/data/node/89196","size":1},{"color":"#336699","name":"Dr PK Pollett","data":{"arc_personal_id":"CE0348217:Dr PK Pollett","node_source":"ARC","node_type":"Researcher","full_name":"Dr PK Pollett"},"class":"Researcher","self":"http://localhost:7474/db/data/node/89210","size":1},{"color":"#336699","name":"A/Prof GR Quispel","data":{"arc_personal_id":"CE0348217:A/Prof GR Quispel","node_source":"ARC","node_type":"Researcher","full_name":"A/Prof GR Quispel"},"class":"Researcher","self":"http://localhost:7474/db/data/node/89209","size":1},{"color":"#336699","name":"Prof C Rogers","data":{"arc_personal_id":"CE0348217:Prof C Rogers","node_source":"ARC","node_type":"Researcher","full_name":"Prof C Rogers"},"class":"Researcher","self":"http://localhost:7474/db/data/node/89208","size":1},{"color":"#336699","name":"Prof IH Sloan","data":{"arc_personal_id":"CE0348217:Prof IH Sloan","node_source":"ARC","node_type":"Researcher","full_name":"Prof IH Sloan"},"class":"Researcher","self":"http://localhost:7474/db/data/node/89207","size":1},{"color":"#336699","name":"Prof AH Dooley","data":{"arc_personal_id":"CE0348217:Prof AH Dooley","node_source":"ARC","node_type":"Researcher","full_name":"Prof AH Dooley"},"class":"Researcher","self":"http://localhost:7474/db/data/node/89206","size":1},{"color":"#336699","name":"Prof CC Heyde","data":{"arc_personal_id":"CE0348217:Prof CC Heyde","node_source":"ARC","node_type":"Researcher","full_name":"Prof CC Heyde"},"class":"Researcher","self":"http://localhost:7474/db/data/node/89205","size":1},{"color":"#336699","name":"Prof PG Hall","data":{"arc_personal_id":"CE0348217:Prof PG Hall","node_source":"ARC","node_type":"Researcher","full_name":"Prof PG Hall"},"class":"Researcher","self":"http://localhost:7474/db/data/node/89204","size":1},{"color":"#336699","name":"Dr R Brak","data":{"arc_personal_id":"CE0348217:Dr R Brak","node_source":"ARC","node_type":"Researcher","full_name":"Dr R Brak"},"class":"Researcher","self":"http://localhost:7474/db/data/node/89203","size":1},{"color":"#336699","name":"A/Prof A Xia","data":{"arc_personal_id":"CE0348217:A/Prof A Xia","node_source":"ARC","node_type":"Researcher","full_name":"A/Prof A Xia"},"class":"Researcher","self":"http://localhost:7474/db/data/node/89202","size":1},{"color":"#336699","name":"A/Prof K Borovkov","data":{"arc_personal_id":"CE0348217:A/Prof K Borovkov","node_source":"ARC","node_type":"Researcher","full_name":"A/Prof K Borovkov"},"class":"Researcher","self":"http://localhost:7474/db/data/node/89201","size":1},{"color":"#336699","name":"Dr AL Owczarek","data":{"arc_personal_id":"CE0348217:Dr AL Owczarek","node_source":"ARC","node_type":"Researcher","full_name":"Dr AL Owczarek"},"class":"Researcher","self":"http://localhost:7474/db/data/node/89200","size":1},{"color":"#336699","name":"Prof PG Taylor","data":{"arc_personal_id":"CE0348217:Prof PG Taylor","node_source":"ARC","node_type":"Researcher","full_name":"Prof PG Taylor"},"class":"Researcher","self":"http://localhost:7474/db/data/node/89199","size":1},{"color":"#336699","name":"Prof AJ Guttmann","data":{"arc_personal_id":"CE0348217:Prof AJ Guttmann","node_source":"ARC","node_type":"Researcher","full_name":"Prof AJ Guttmann"},"class":"Researcher","self":"http://localhost:7474/db/data/node/89198","size":1}],"class":"Grant","self":"http://localhost:7474/db/data/node/89197","size":1}