{"color":"#FF4D4D","name":"Australian Centre for Genome-Phenome Bioinformatics","data":{"research_area":"GENETICS","research_area_code":"2702","application_year":2002,"purl":"http://purl.org/au-research/grants/arc/CE0348221","description":"The Australian Centre for Genome-Phenome Bioinformatics will examine how the genome comes to life in the mammalian cell during differentiation and development. We will model, visualise and experimentally validate the complex cellular systems and regulatory networks that control the transformation of genomic information into biological structure and function. We will develop novel approaches and tools to improve health, optimise agricultural production and exploit new cell technologies. The Centre will build critical mass and national focus in bioinformatics to generate the human capital and intellectual property that Australia needs to compete in advanced bioscience and biotechnology.","scientific_title":"Australian Centre for Genome-Phenome Bioinformatics","start_year":2003,"arc_grant_id":"CE0348221","total_budget":"$7,260,835","arc_scheme":"CE","node_source":"ARC","node_type":"Grant"},"children":[{"color":"#0066FF","name":"The University of Queensland","data":{"source":"ARC","name":"The University of Queensland","state":"Qld","node_source":"ARC","node_type":"Institution"},"class":"Institution","self":"http://localhost:7474/db/data/node/89183","size":1},{"color":"#336699","name":"Dr RD Teasdale","data":{"arc_personal_id":"CE0348221:Dr RD Teasdale","node_source":"ARC","node_type":"Researcher","full_name":"Dr RD Teasdale"},"class":"Researcher","self":"http://localhost:7474/db/data/node/89229","size":1},{"color":"#336699","name":"Dr I Rigoutsos","data":{"arc_personal_id":"CE0348221:Dr I Rigoutsos","node_source":"ARC","node_type":"Researcher","full_name":"Dr I Rigoutsos"},"class":"Researcher","self":"http://localhost:7474/db/data/node/89228","size":1},{"color":"#336699","name":"Prof BA Pailthorpe","data":{"arc_personal_id":"CE0348221:Prof BA Pailthorpe","node_source":"ARC","node_type":"Researcher","full_name":"Prof BA Pailthorpe"},"class":"Researcher","self":"http://localhost:7474/db/data/node/89227","size":1},{"color":"#336699","name":"Dr LK Nielsen","data":{"arc_personal_id":"CE0348221:Dr LK Nielsen","node_source":"ARC","node_type":"Researcher","full_name":"Dr LK Nielsen"},"class":"Researcher","self":"http://localhost:7474/db/data/node/89226","size":1},{"color":"#336699","name":"Dr RM Muhlberger","data":{"arc_personal_id":"CE0348221:Dr RM Muhlberger","node_source":"ARC","node_type":"Researcher","full_name":"Dr RM Muhlberger"},"class":"Researcher","self":"http://localhost:7474/db/data/node/89225","size":1},{"color":"#336699","name":"Dr BJ Marsh","data":{"arc_personal_id":"CE0348221:Dr BJ Marsh","node_source":"ARC","node_type":"Researcher","full_name":"Dr BJ Marsh"},"class":"Researcher","self":"http://localhost:7474/db/data/node/89224","size":1},{"color":"#336699","name":"Prof GJ McLachlan","data":{"arc_personal_id":"CE0348221:Prof GJ McLachlan","node_source":"ARC","node_type":"Researcher","full_name":"Prof GJ McLachlan"},"class":"Researcher","self":"http://localhost:7474/db/data/node/89223","size":1},{"color":"#336699","name":"Dr P Kodali","data":{"arc_personal_id":"CE0348221:Dr P Kodali","node_source":"ARC","node_type":"Researcher","full_name":"Dr P Kodali"},"class":"Researcher","self":"http://localhost:7474/db/data/node/89222","size":1},{"color":"#336699","name":"Dr M Hegland","data":{"arc_personal_id":"CE0348221:Dr M Hegland","node_source":"ARC","node_type":"Researcher","full_name":"Dr M Hegland"},"class":"Researcher","self":"http://localhost:7474/db/data/node/89221","size":1},{"color":"#336699","name":"Dr JS Hallinan","data":{"arc_personal_id":"CE0348221:Dr JS Hallinan","node_source":"ARC","node_type":"Researcher","full_name":"Dr JS Hallinan"},"class":"Researcher","self":"http://localhost:7474/db/data/node/89220","size":1},{"color":"#336699","name":"Dr SM Grimmond","data":{"arc_personal_id":"CE0348221:Dr SM Grimmond","node_source":"ARC","node_type":"Researcher","full_name":"Dr SM Grimmond"},"class":"Researcher","self":"http://localhost:7474/db/data/node/89219","size":1},{"color":"#336699","name":"Dr MR Fellows","data":{"arc_personal_id":"CE0348221:Dr MR Fellows","node_source":"ARC","node_type":"Researcher","full_name":"Dr MR Fellows"},"class":"Researcher","self":"http://localhost:7474/db/data/node/89218","size":1},{"color":"#336699","name":"Prof J Drennan","data":{"arc_personal_id":"CE0348221:Prof J Drennan","node_source":"ARC","node_type":"Researcher","full_name":"Prof J Drennan"},"class":"Researcher","self":"http://localhost:7474/db/data/node/89217","size":1},{"color":"#336699","name":"A/Prof GP Dobson","data":{"arc_personal_id":"CE0348221:A/Prof GP Dobson","node_source":"ARC","node_type":"Researcher","full_name":"A/Prof GP Dobson"},"class":"Researcher","self":"http://localhost:7474/db/data/node/89216","size":1},{"color":"#336699","name":"Dr Y Chen","data":{"arc_personal_id":"CE0348221:Dr Y Chen","node_source":"ARC","node_type":"Researcher","full_name":"Dr Y Chen"},"class":"Researcher","self":"http://localhost:7474/db/data/node/89215","size":1},{"color":"#336699","name":"Prof K Burrage","data":{"arc_personal_id":"CE0348221:Prof K Burrage","node_source":"ARC","node_type":"Researcher","full_name":"Prof K Burrage"},"class":"Researcher","self":"http://localhost:7474/db/data/node/89214","size":1},{"color":"#336699","name":"Dr TL Bailey","data":{"arc_personal_id":"CE0348221:Dr TL Bailey","node_source":"ARC","node_type":"Researcher","full_name":"Dr TL Bailey"},"class":"Researcher","self":"http://localhost:7474/db/data/node/89213","size":1},{"color":"#336699","name":"Prof MA Ragan","data":{"arc_personal_id":"CE0348221:Prof MA Ragan","node_source":"ARC","node_type":"Researcher","full_name":"Prof MA Ragan"},"class":"Researcher","self":"http://localhost:7474/db/data/node/89212","size":1}],"class":"Grant","self":"http://localhost:7474/db/data/node/89211","size":1}