{"color":"#FF4D4D","name":"ARC Centre of Excellence in Biotechnology and Development","data":{"research_area":"GENETICS","research_area_code":"2702","application_year":2002,"purl":"http://purl.org/au-research/grants/arc/CE0348239","description":"The Centre will create a multidisciplinary research team focusing on the molecular mechanisms that drive the specification and differentiation of male germ cells. This research will improve our fundamental understanding of how complex regulatory networks control the expression of a complex phenotype, the spermatozoon. It will also create a platform of knowledge from which we can stimulate the growth of the Australian Biotechnology industry, the protection of the Australian Environment and the well-being of the Australian people. Key issues for this Centre include testicular cancer, male infertility, contraception, pest animal control, environmental impacts on human health and gene pharming.","scientific_title":"ARC Centre of Excellence in Biotechnology and Development","start_year":2003,"arc_grant_id":"CE0348239","total_budget":"$15,878,900","arc_scheme":"CE","node_source":"ARC","node_type":"Grant"},"children":[{"color":"#0066FF","name":"The University of Newcastle","data":{"source":"ARC","name":"The University of Newcastle","state":"NSW","node_source":"ARC","node_type":"Institution"},"class":"Institution","self":"http://localhost:7474/db/data/node/89089","size":1},{"color":"#336699","name":"Prof MK Holland","data":{"arc_personal_id":"CE0348239:Prof MK Holland","node_source":"ARC","node_type":"Researcher","full_name":"Prof MK Holland"},"class":"Researcher","self":"http://localhost:7474/db/data/node/89250","size":1},{"color":"#336699","name":"Prof C Goodnow","data":{"arc_personal_id":"CE0348239:Prof C Goodnow","node_source":"ARC","node_type":"Researcher","full_name":"Prof C Goodnow"},"class":"Researcher","self":"http://localhost:7474/db/data/node/89249","size":1},{"color":"#336699","name":"Dr EA McLaughlin","data":{"arc_personal_id":"CE0348239:Dr EA McLaughlin","node_source":"ARC","node_type":"Researcher","full_name":"Dr EA McLaughlin"},"class":"Researcher","self":"http://localhost:7474/db/data/node/89248","size":1},{"color":"#336699","name":"Dr SD Roman","data":{"arc_personal_id":"CE0348239:Dr SD Roman","node_source":"ARC","node_type":"Researcher","full_name":"Dr SD Roman"},"class":"Researcher","self":"http://localhost:7474/db/data/node/89247","size":1},{"color":"#336699","name":"Prof DA Jans","data":{"arc_personal_id":"CE0348239:Prof DA Jans","node_source":"ARC","node_type":"Researcher","full_name":"Prof DA Jans"},"class":"Researcher","self":"http://localhost:7474/db/data/node/89246","size":1},{"color":"#336699","name":"Dr GR Hime","data":{"arc_personal_id":"CE0348239:Dr GR Hime","node_source":"ARC","node_type":"Researcher","full_name":"Dr GR Hime"},"class":"Researcher","self":"http://localhost:7474/db/data/node/89245","size":1},{"color":"#336699","name":"Dr M O'Bryan","data":{"arc_personal_id":"CE0348239:Dr M O'Bryan","node_source":"ARC","node_type":"Researcher","full_name":"Dr M O'Bryan"},"class":"Researcher","self":"http://localhost:7474/db/data/node/89244","size":1},{"color":"#336699","name":"Prof DM De Kretser","data":{"arc_personal_id":"CE0348239:Prof DM De Kretser","node_source":"ARC","node_type":"Researcher","full_name":"Prof DM De Kretser"},"class":"Researcher","self":"http://localhost:7474/db/data/node/89243","size":1},{"color":"#336699","name":"A/Prof AH Sinclair","data":{"arc_personal_id":"CE0348239:A/Prof AH Sinclair","node_source":"ARC","node_type":"Researcher","full_name":"A/Prof AH Sinclair"},"class":"Researcher","self":"http://localhost:7474/db/data/node/89242","size":1},{"color":"#336699","name":"Prof PA Koopman","data":{"arc_personal_id":"CE0348239:Prof PA Koopman","node_source":"ARC","node_type":"Researcher","full_name":"Prof PA Koopman"},"class":"Researcher","self":"http://localhost:7474/db/data/node/89241","size":1},{"color":"#336699","name":"Dr KL Loveland","data":{"arc_personal_id":"CE0348239:Dr KL Loveland","node_source":"ARC","node_type":"Researcher","full_name":"Dr KL Loveland"},"class":"Researcher","self":"http://localhost:7474/db/data/node/89240","size":1},{"color":"#336699","name":"Prof RJ Aitken","data":{"arc_personal_id":"CE0348239:Prof RJ Aitken","node_source":"ARC","node_type":"Researcher","full_name":"Prof RJ Aitken"},"class":"Researcher","self":"http://localhost:7474/db/data/node/89239","size":1}],"class":"Grant","self":"http://localhost:7474/db/data/node/89238","size":1}