{"color":"#FF4D4D","name":"The Australian Centre for Functional Nanomaterials","data":{"research_area":"CIVIL ENGINEERING","research_area_code":"2908","application_year":2002,"purl":"http://purl.org/au-research/grants/arc/CE0348243","description":"The Centre will consist of leading researchers from four Australian universities, four CSIRO divisions, and two US research centres. The vision is to position Australia as a world leader in nanomaterials science and technology. The Centre will involve nanoscale science for building functional nanostructures of materials at the molecular level. It aims to develop new methods and techniques for self-assembling and characterizing nanomaterials with tailorable properties. The outcomes will include leading-edge science, the development of human capital, and intellectual property in new materials and products for applications in clean energy, environmental, and health care industries.","scientific_title":"The Australian Centre for Functional Nanomaterials","start_year":2003,"arc_grant_id":"CE0348243","total_budget":"$12,463,180","arc_scheme":"CE","node_source":"ARC","node_type":"Grant"},"children":[{"color":"#0066FF","name":"The University of Queensland","data":{"source":"ARC","name":"The University of Queensland","state":"Qld","node_source":"ARC","node_type":"Institution"},"class":"Institution","self":"http://localhost:7474/db/data/node/89183","size":1},{"color":"#336699","name":"Prof KL Wooley","data":{"arc_personal_id":"CE0348243:Prof KL Wooley","node_source":"ARC","node_type":"Researcher","full_name":"Prof KL Wooley"},"class":"Researcher","self":"http://localhost:7474/db/data/node/89270","size":1},{"color":"#336699","name":"Dr CJ Hawker","data":{"arc_personal_id":"CE0348243:Dr CJ Hawker","node_source":"ARC","node_type":"Researcher","full_name":"Dr CJ Hawker"},"class":"Researcher","self":"http://localhost:7474/db/data/node/89269","size":1},{"color":"#336699","name":"Dr B Raguse","data":{"arc_personal_id":"CE0348243:Dr B Raguse","node_source":"ARC","node_type":"Researcher","full_name":"Dr B Raguse"},"class":"Researcher","self":"http://localhost:7474/db/data/node/89268","size":1},{"color":"#336699","name":"Prof AW Mau","data":{"arc_personal_id":"CE0348243:Prof AW Mau","node_source":"ARC","node_type":"Researcher","full_name":"Prof AW Mau"},"class":"Researcher","self":"http://localhost:7474/db/data/node/89267","size":1},{"color":"#336699","name":"Dr A Hill","data":{"arc_personal_id":"CE0348243:Dr A Hill","node_source":"ARC","node_type":"Researcher","full_name":"Dr A Hill"},"class":"Researcher","self":"http://localhost:7474/db/data/node/89266","size":1},{"color":"#336699","name":"Dr DJ Martin","data":{"arc_personal_id":"CE0348243:Dr DJ Martin","node_source":"ARC","node_type":"Researcher","full_name":"Dr DJ Martin"},"class":"Researcher","self":"http://localhost:7474/db/data/node/89265","size":1},{"color":"#336699","name":"Dr JC Diniz da Costa","data":{"arc_personal_id":"CE0348243:Dr JC Diniz da Costa","node_source":"ARC","node_type":"Researcher","full_name":"Dr JC Diniz da Costa"},"class":"Researcher","self":"http://localhost:7474/db/data/node/89264","size":1},{"color":"#336699","name":"Prof M Trau","data":{"arc_personal_id":"CE0348243:Prof M Trau","node_source":"ARC","node_type":"Researcher","full_name":"Prof M Trau"},"class":"Researcher","self":"http://localhost:7474/db/data/node/89263","size":1},{"color":"#336699","name":"A/Prof MP Brungs","data":{"arc_personal_id":"CE0348243:A/Prof MP Brungs","node_source":"ARC","node_type":"Researcher","full_name":"A/Prof MP Brungs"},"class":"Researcher","self":"http://localhost:7474/db/data/node/89262","size":1},{"color":"#336699","name":"Dr IR Gentle","data":{"arc_personal_id":"CE0348243:Dr IR Gentle","node_source":"ARC","node_type":"Researcher","full_name":"Dr IR Gentle"},"class":"Researcher","self":"http://localhost:7474/db/data/node/89261","size":1},{"color":"#336699","name":"Prof MA Wilson","data":{"arc_personal_id":"CE0348243:Prof MA Wilson","node_source":"ARC","node_type":"Researcher","full_name":"Prof MA Wilson"},"class":"Researcher","self":"http://localhost:7474/db/data/node/89260","size":1},{"color":"#336699","name":"Prof J Drennan","data":{"arc_personal_id":"CE0348243:Prof J Drennan","node_source":"ARC","node_type":"Researcher","full_name":"Prof J Drennan"},"class":"Researcher","self":"http://localhost:7474/db/data/node/89259","size":1},{"color":"#336699","name":"Dr Y Chen","data":{"arc_personal_id":"CE0348243:Dr Y Chen","node_source":"ARC","node_type":"Researcher","full_name":"Dr Y Chen"},"class":"Researcher","self":"http://localhost:7474/db/data/node/89258","size":1},{"color":"#336699","name":"Prof Dr AB Yu","data":{"arc_personal_id":"CE0348243:Prof Dr AB Yu","node_source":"ARC","node_type":"Researcher","full_name":"Prof Dr AB Yu"},"class":"Researcher","self":"http://localhost:7474/db/data/node/89257","size":1},{"color":"#336699","name":"Prof SC Smith","data":{"arc_personal_id":"CE0348243:Prof SC Smith","node_source":"ARC","node_type":"Researcher","full_name":"Prof SC Smith"},"class":"Researcher","self":"http://localhost:7474/db/data/node/89256","size":1},{"color":"#336699","name":"Prof DL Trimm","data":{"arc_personal_id":"CE0348243:Prof DL Trimm","node_source":"ARC","node_type":"Researcher","full_name":"Prof DL Trimm"},"class":"Researcher","self":"http://localhost:7474/db/data/node/89255","size":1},{"color":"#336699","name":"A/Prof R Amal","data":{"arc_personal_id":"CE0348243:A/Prof R Amal","node_source":"ARC","node_type":"Researcher","full_name":"A/Prof R Amal"},"class":"Researcher","self":"http://localhost:7474/db/data/node/89254","size":1},{"color":"#336699","name":"Prof JW White","data":{"arc_personal_id":"CE0348243:Prof JW White","node_source":"ARC","node_type":"Researcher","full_name":"Prof JW White"},"class":"Researcher","self":"http://localhost:7474/db/data/node/89253","size":1},{"color":"#336699","name":"Prof GM Lu","data":{"arc_personal_id":"CE0348243:Prof GM Lu","node_source":"ARC","node_type":"Researcher","full_name":"Prof GM Lu"},"class":"Researcher","self":"http://localhost:7474/db/data/node/89252","size":1}],"class":"Grant","self":"http://localhost:7474/db/data/node/89251","size":1}