{"color":"#FF4D4D","name":"Australian Centre for Nanostructured Electromaterials","data":{"research_area":"PHYSICAL CHEMISTRY (INCL. STRUCTURAL)","research_area_code":"2501","application_year":2002,"purl":"http://purl.org/au-research/grants/arc/CE0348245","description":"Electromaterials transport electrons or ions and facilitate charge transfer, underpinning most energy capture/storage processes and cell communication. We propose a national Centre to develop nanostructured electromaterials with exceptional properties. The Centre aims to synthesise novel nanomaterials and assemble them into innovative nanoscale devices. We will exploit these materials to enhance performance in energy conversion/storage systems (eg. photovoltaics, batteries, including wearable systems), and novel energy transfer in bioapplications (eg. Bionic Ear). These advances, together with the resource of trained personnel, will assist Australian industry to exploit this exciting area.","scientific_title":"Australian Centre for Nanostructured Electromaterials","start_year":2003,"arc_grant_id":"CE0348245","total_budget":"$7,306,885","arc_scheme":"CE","node_source":"ARC","node_type":"Grant"},"children":[{"color":"#0066FF","name":"University of Wollongong","data":{"source":"ARC","name":"University of Wollongong","state":"NSW","nla":"http://nla.gov.au/nla.party-464691","node_source":"ARC","node_type":"Institution"},"class":"Institution","self":"http://localhost:7474/db/data/node/89271","size":1},{"color":"#336699","name":"Prof DL Officer","data":{"arc_personal_id":"CE0348245:Prof DL Officer","node_source":"ARC","node_type":"Researcher","full_name":"Prof DL Officer"},"class":"Researcher","self":"http://localhost:7474/db/data/node/89291","size":1},{"color":"#336699","name":"Prof Dr L Dai","data":{"arc_personal_id":"CE0348245:Prof Dr L Dai","node_source":"ARC","node_type":"Researcher","full_name":"Prof Dr L Dai"},"class":"Researcher","self":"http://localhost:7474/db/data/node/89290","size":1},{"color":"#336699","name":"Dr A Hill","data":{"arc_personal_id":"CE0348245:Dr A Hill","node_source":"ARC","node_type":"Researcher","full_name":"Dr A Hill"},"class":"Researcher","self":"http://localhost:7474/db/data/node/89289","size":1},{"color":"#336699","name":"Dr W Humphries","data":{"arc_personal_id":"CE0348245:Dr W Humphries","node_source":"ARC","node_type":"Researcher","full_name":"Dr W Humphries"},"class":"Researcher","self":"http://localhost:7474/db/data/node/89288","size":1},{"color":"#336699","name":"Dr GF Swiegers","data":{"arc_personal_id":"CE0348245:Dr GF Swiegers","node_source":"ARC","node_type":"Researcher","full_name":"Dr GF Swiegers"},"class":"Researcher","self":"http://localhost:7474/db/data/node/89287","size":1},{"color":"#336699","name":"Prof GM Clark","data":{"arc_personal_id":"CE0348245:Prof GM Clark","node_source":"ARC","node_type":"Researcher","full_name":"Prof GM Clark"},"class":"Researcher","self":"http://localhost:7474/db/data/node/89286","size":1},{"color":"#336699","name":"Dr Y Cheng","data":{"arc_personal_id":"CE0348245:Dr Y Cheng","node_source":"ARC","node_type":"Researcher","full_name":"Dr Y Cheng"},"class":"Researcher","self":"http://localhost:7474/db/data/node/89285","size":1},{"color":"#336699","name":"Dr L Spiccia","data":{"arc_personal_id":"CE0348245:Dr L Spiccia","node_source":"ARC","node_type":"Researcher","full_name":"Dr L Spiccia"},"class":"Researcher","self":"http://localhost:7474/db/data/node/89284","size":1},{"color":"#336699","name":"Prof AM Bond","data":{"arc_personal_id":"CE0348245:Prof AM Bond","node_source":"ARC","node_type":"Researcher","full_name":"Prof AM Bond"},"class":"Researcher","self":"http://localhost:7474/db/data/node/89283","size":1},{"color":"#336699","name":"Dr M Forsyth","data":{"arc_personal_id":"CE0348245:Dr M Forsyth","node_source":"ARC","node_type":"Researcher","full_name":"Dr M Forsyth"},"class":"Researcher","self":"http://localhost:7474/db/data/node/89282","size":1},{"color":"#336699","name":"Prof DR MacFarlane","data":{"arc_personal_id":"CE0348245:Prof DR MacFarlane","node_source":"ARC","node_type":"Researcher","full_name":"Prof DR MacFarlane"},"class":"Researcher","self":"http://localhost:7474/db/data/node/89281","size":1},{"color":"#336699","name":"Prof SG Pyne","data":{"arc_personal_id":"CE0348245:Prof SG Pyne","node_source":"ARC","node_type":"Researcher","full_name":"Prof SG Pyne"},"class":"Researcher","self":"http://localhost:7474/db/data/node/89280","size":1},{"color":"#336699","name":"A/Prof WE Price","data":{"arc_personal_id":"CE0348245:A/Prof WE Price","node_source":"ARC","node_type":"Researcher","full_name":"A/Prof WE Price"},"class":"Researcher","self":"http://localhost:7474/db/data/node/89279","size":1},{"color":"#336699","name":"A/Prof GM Spinks","data":{"arc_personal_id":"CE0348245:A/Prof GM Spinks","node_source":"ARC","node_type":"Researcher","full_name":"A/Prof GM Spinks"},"class":"Researcher","self":"http://localhost:7474/db/data/node/89278","size":1},{"color":"#336699","name":"Prof LA Kane-Maguire","data":{"arc_personal_id":"CE0348245:Prof LA Kane-Maguire","node_source":"ARC","node_type":"Researcher","full_name":"Prof LA Kane-Maguire"},"class":"Researcher","self":"http://localhost:7474/db/data/node/89277","size":1},{"color":"#336699","name":"Prof HK Liu","data":{"arc_personal_id":"CE0348245:Prof HK Liu","node_source":"ARC","node_type":"Researcher","full_name":"Prof HK Liu"},"class":"Researcher","self":"http://localhost:7474/db/data/node/89276","size":1},{"color":"#336699","name":"Prof SX Dou","data":{"arc_personal_id":"CE0348245:Prof SX Dou","node_source":"ARC","node_type":"Researcher","full_name":"Prof SX Dou"},"class":"Researcher","self":"http://localhost:7474/db/data/node/89275","size":1},{"color":"#336699","name":"Prof GG Wallace","data":{"arc_personal_id":"CE0348245:Prof GG Wallace","node_source":"ARC","node_type":"Researcher","full_name":"Prof GG Wallace"},"class":"Researcher","self":"http://localhost:7474/db/data/node/89274","size":1}],"class":"Grant","self":"http://localhost:7474/db/data/node/89273","size":1}