{"color":"#FF4D4D","name":"Australian Centre for Complex Systems (ACCS)","data":{"research_area":"ARTIFICIAL INTELLIGENCE AND SIGNAL AND IMAGE PROCESSING","research_area_code":"2802","application_year":2002,"purl":"http://purl.org/au-research/grants/arc/CE0348249","description":"The Australian Centre for Complex Systems brings together leading researchers from several disciplines and institutions to conduct research on questions fundamental to understanding and managing complex systems. Its core research program, based on the theme of computation in and by networks of agents, has two interwoven strands. The science strand addresses questions about emergent properties, natural computation, and nonlinear dynamics. The engineering strand addresses issues about methodology, modelling toolkits, and management and control. Practical applications are advanced via collaborative projects that address key issues in biology, environment, and socio-economics.","scientific_title":"Australian Centre for Complex Systems (ACCS)","start_year":2003,"arc_grant_id":"CE0348249","total_budget":"$5,208,295","arc_scheme":"CE","node_source":"ARC","node_type":"Grant"},"children":[{"color":"#0066FF","name":"The University of Queensland","data":{"source":"ARC","name":"The University of Queensland","state":"Qld","node_source":"ARC","node_type":"Institution"},"class":"Institution","self":"http://localhost:7474/db/data/node/89183","size":1},{"color":"#336699","name":"A/Prof KA Smith","data":{"arc_personal_id":"CE0348249:A/Prof KA Smith","node_source":"ARC","node_type":"Researcher","full_name":"A/Prof KA Smith"},"class":"Researcher","self":"http://localhost:7474/db/data/node/89309","size":1},{"color":"#336699","name":"Prof HW Schmidt","data":{"arc_personal_id":"CE0348249:Prof HW Schmidt","node_source":"ARC","node_type":"Researcher","full_name":"Prof HW Schmidt"},"class":"Researcher","self":"http://localhost:7474/db/data/node/89308","size":1},{"color":"#336699","name":"Prof PM Sanderson","data":{"arc_personal_id":"CE0348249:Prof PM Sanderson","node_source":"ARC","node_type":"Researcher","full_name":"Prof PM Sanderson"},"class":"Researcher","self":"http://localhost:7474/db/data/node/89307","size":1},{"color":"#336699","name":"Prof BA Pailthorpe","data":{"arc_personal_id":"CE0348249:Prof BA Pailthorpe","node_source":"ARC","node_type":"Researcher","full_name":"Prof BA Pailthorpe"},"class":"Researcher","self":"http://localhost:7474/db/data/node/89306","size":1},{"color":"#336699","name":"Prof GJ McLachlan","data":{"arc_personal_id":"CE0348249:Prof GJ McLachlan","node_source":"ARC","node_type":"Researcher","full_name":"Prof GJ McLachlan"},"class":"Researcher","self":"http://localhost:7474/db/data/node/89305","size":1},{"color":"#336699","name":"Prof SM Kaplan","data":{"arc_personal_id":"CE0348249:Prof SM Kaplan","node_source":"ARC","node_type":"Researcher","full_name":"Prof SM Kaplan"},"class":"Researcher","self":"http://localhost:7474/db/data/node/89304","size":1},{"color":"#336699","name":"Prof J Foster","data":{"arc_personal_id":"CE0348249:Prof J Foster","node_source":"ARC","node_type":"Researcher","full_name":"Prof J Foster"},"class":"Researcher","self":"http://localhost:7474/db/data/node/89303","size":1},{"color":"#336699","name":"Prof RG Dromey","data":{"arc_personal_id":"CE0348249:Prof RG Dromey","node_source":"ARC","node_type":"Researcher","full_name":"Prof RG Dromey"},"class":"Researcher","self":"http://localhost:7474/db/data/node/89302","size":1},{"color":"#336699","name":"Prof K Burrage","data":{"arc_personal_id":"CE0348249:Prof K Burrage","node_source":"ARC","node_type":"Researcher","full_name":"Prof K Burrage"},"class":"Researcher","self":"http://localhost:7474/db/data/node/89301","size":1},{"color":"#336699","name":"Prof TR Bossomaier","data":{"arc_personal_id":"CE0348249:Prof TR Bossomaier","node_source":"ARC","node_type":"Researcher","full_name":"Prof TR Bossomaier"},"class":"Researcher","self":"http://localhost:7474/db/data/node/89300","size":1},{"color":"#336699","name":"Dr P Adams","data":{"arc_personal_id":"CE0348249:Dr P Adams","node_source":"ARC","node_type":"Researcher","full_name":"Dr P Adams"},"class":"Researcher","self":"http://localhost:7474/db/data/node/89299","size":1},{"color":"#336699","name":"Prof DA Abramson","data":{"arc_personal_id":"CE0348249:Prof DA Abramson","node_source":"ARC","node_type":"Researcher","full_name":"Prof DA Abramson"},"class":"Researcher","self":"http://localhost:7474/db/data/node/89298","size":1},{"color":"#336699","name":"Dr HA Abbass","data":{"arc_personal_id":"CE0348249:Dr HA Abbass","node_source":"ARC","node_type":"Researcher","full_name":"Dr HA Abbass"},"class":"Researcher","self":"http://localhost:7474/db/data/node/89297","size":1},{"color":"#336699","name":"Prof GI Webb","data":{"arc_personal_id":"CE0348249:Prof GI Webb","node_source":"ARC","node_type":"Researcher","full_name":"Prof GI Webb"},"class":"Researcher","self":"http://localhost:7474/db/data/node/89296","size":1},{"color":"#336699","name":"Prof IJ Hayes","data":{"arc_personal_id":"CE0348249:Prof IJ Hayes","node_source":"ARC","node_type":"Researcher","full_name":"Prof IJ Hayes"},"class":"Researcher","self":"http://localhost:7474/db/data/node/89295","size":1},{"color":"#336699","name":"Prof DG Green","data":{"arc_personal_id":"CE0348249:Prof DG Green","node_source":"ARC","node_type":"Researcher","full_name":"Prof DG Green"},"class":"Researcher","self":"http://localhost:7474/db/data/node/89294","size":1},{"color":"#336699","name":"Prof PA Lindsay","data":{"arc_personal_id":"CE0348249:Prof PA Lindsay","node_source":"ARC","node_type":"Researcher","full_name":"Prof PA Lindsay"},"class":"Researcher","self":"http://localhost:7474/db/data/node/89293","size":1}],"class":"Grant","self":"http://localhost:7474/db/data/node/89292","size":1}