{"color":"#FF4D4D","name":"Centre for Quantum Computer Technology","data":{"research_area":"THEORETICAL AND CONDENSED MATTER PHYSICS","research_area_code":"2402","application_year":2002,"purl":"http://purl.org/au-research/grants/arc/CE0348250","description":"Development of a quantum computer (QC) for massively parallel computing is one of the major challenges in science and engineering this century. Since 2000 the Centre has achieved two major breakthroughs in this field: constructing the key functional element of a silicon solid-state QC; and co-inventing a scheme for efficient linear optics QC. The proposed CoE aims to align these two nationally co-ordinated research programs with the world's existing computer and IT industries to realise a fault-tolerant multiple qubit quantum processor with integrated control and qubit chips, and develop a scaleable optical quantum processor providing significant economic benefit to Australia.","scientific_title":"Centre for Quantum Computer Technology","start_year":2003,"arc_grant_id":"CE0348250","total_budget":"$24,100,000","arc_scheme":"CE","node_source":"ARC","node_type":"Grant"},"children":[{"color":"#0066FF","name":"The University of New South Wales","data":{"source":"ARC","name":"The University of New South Wales","state":"NSW","node_source":"ARC","node_type":"Institution"},"class":"Institution","self":"http://localhost:7474/db/data/node/89069","size":1},{"color":"#336699","name":"Dr D Pulford","data":{"arc_personal_id":"CE0348250:Dr D Pulford","node_source":"ARC","node_type":"Researcher","full_name":"Dr D Pulford"},"class":"Researcher","self":"http://localhost:7474/db/data/node/89327","size":1},{"color":"#336699","name":"Prof DR McKenzie","data":{"arc_personal_id":"CE0348250:Prof DR McKenzie","node_source":"ARC","node_type":"Researcher","full_name":"Prof DR McKenzie"},"class":"Researcher","self":"http://localhost:7474/db/data/node/89326","size":1},{"color":"#336699","name":"Dr HM Wiseman","data":{"arc_personal_id":"CE0348250:Dr HM Wiseman","node_source":"ARC","node_type":"Researcher","full_name":"Dr HM Wiseman"},"class":"Researcher","self":"http://localhost:7474/db/data/node/89325","size":1},{"color":"#336699","name":"Prof BC Sanders","data":{"arc_personal_id":"CE0348250:Prof BC Sanders","node_source":"ARC","node_type":"Researcher","full_name":"Prof BC Sanders"},"class":"Researcher","self":"http://localhost:7474/db/data/node/89324","size":1},{"color":"#336699","name":"Dr AG White","data":{"arc_personal_id":"CE0348250:Dr AG White","node_source":"ARC","node_type":"Researcher","full_name":"Dr AG White"},"class":"Researcher","self":"http://localhost:7474/db/data/node/89323","size":1},{"color":"#336699","name":"Dr TC Ralph","data":{"arc_personal_id":"CE0348250:Dr TC Ralph","node_source":"ARC","node_type":"Researcher","full_name":"Dr TC Ralph"},"class":"Researcher","self":"http://localhost:7474/db/data/node/89322","size":1},{"color":"#336699","name":"Prof H Rubinsztein-Dunlop","data":{"arc_personal_id":"CE0348250:Prof H Rubinsztein-Dunlop","node_source":"ARC","node_type":"Researcher","full_name":"Prof H Rubinsztein-Dunlop"},"class":"Researcher","self":"http://localhost:7474/db/data/node/89321","size":1},{"color":"#336699","name":"Dr CI Pakes","data":{"arc_personal_id":"CE0348250:Dr CI Pakes","node_source":"ARC","node_type":"Researcher","full_name":"Dr CI Pakes"},"class":"Researcher","self":"http://localhost:7474/db/data/node/89320","size":1},{"color":"#336699","name":"Dr JC McCallum","data":{"arc_personal_id":"CE0348250:Dr JC McCallum","node_source":"ARC","node_type":"Researcher","full_name":"Dr JC McCallum"},"class":"Researcher","self":"http://localhost:7474/db/data/node/89319","size":1},{"color":"#336699","name":"A/Prof LC Hollenberg","data":{"arc_personal_id":"CE0348250:A/Prof LC Hollenberg","node_source":"ARC","node_type":"Researcher","full_name":"A/Prof LC Hollenberg"},"class":"Researcher","self":"http://localhost:7474/db/data/node/89318","size":1},{"color":"#336699","name":"A/Prof DN Jamieson","data":{"arc_personal_id":"CE0348250:A/Prof DN Jamieson","node_source":"ARC","node_type":"Researcher","full_name":"A/Prof DN Jamieson"},"class":"Researcher","self":"http://localhost:7474/db/data/node/89317","size":1},{"color":"#336699","name":"Prof S Prawer","data":{"arc_personal_id":"CE0348250:Prof S Prawer","node_source":"ARC","node_type":"Researcher","full_name":"Prof S Prawer"},"class":"Researcher","self":"http://localhost:7474/db/data/node/89316","size":1},{"color":"#336699","name":"Dr AR Hamilton","data":{"arc_personal_id":"CE0348250:Dr AR Hamilton","node_source":"ARC","node_type":"Researcher","full_name":"Dr AR Hamilton"},"class":"Researcher","self":"http://localhost:7474/db/data/node/89315","size":1},{"color":"#336699","name":"A/Prof MY Simmons","data":{"arc_personal_id":"CE0348250:A/Prof MY Simmons","node_source":"ARC","node_type":"Researcher","full_name":"A/Prof MY Simmons"},"class":"Researcher","self":"http://localhost:7474/db/data/node/89314","size":1},{"color":"#336699","name":"A/Prof AS Dzurak","data":{"arc_personal_id":"CE0348250:A/Prof AS Dzurak","node_source":"ARC","node_type":"Researcher","full_name":"A/Prof AS Dzurak"},"class":"Researcher","self":"http://localhost:7474/db/data/node/89313","size":1},{"color":"#336699","name":"Prof GJ Milburn","data":{"arc_personal_id":"CE0348250:Prof GJ Milburn","node_source":"ARC","node_type":"Researcher","full_name":"Prof GJ Milburn"},"class":"Researcher","self":"http://localhost:7474/db/data/node/89312","size":1},{"color":"#336699","name":"Prof RG Clark","data":{"arc_personal_id":"CE0348250:Prof RG Clark","node_source":"ARC","node_type":"Researcher","full_name":"Prof RG Clark"},"class":"Researcher","self":"http://localhost:7474/db/data/node/89311","size":1}],"class":"Grant","self":"http://localhost:7474/db/data/node/89310","size":1}