{"color":"#FF4D4D","name":"Centre for Ultrahigh-bandwidth Devices for Optical Systems","data":{"research_area":"COMMUNICATIONS TECHNOLOGIES","research_area_code":"2917","application_year":2002,"purl":"http://purl.org/au-research/grants/arc/CE0348259","description":"The Centre, through a ground-breaking research program, will in the next five years invent and develop a set of revolutionary optical devices and will integrate these devices onto a photonic chip, for the use in the next generation of ultra-high bandwidth optical telecommunications systems. These systems will dramatically improve online services to the Australian community in key areas such as health, education and business connectivity. Australia's high tech industry will benefit from the commercialisation opportunities arising from the Centre's research, and also from the creation of a pool of highly skilled ICT professionals. ","scientific_title":"Centre for Ultrahigh-bandwidth Devices for Optical Systems","start_year":2003,"arc_grant_id":"CE0348259","total_budget":"$19,013,850","arc_scheme":"CE","node_source":"ARC","node_type":"Grant"},"children":[{"color":"#0066FF","name":"The University of Sydney","data":{"source":"ARC","name":"The University of Sydney","state":"NSW","nla":"http://sydney.edu.au/","node_source":"ARC","node_type":"Institution"},"class":"Institution","self":"http://localhost:7474/db/data/node/89230","size":1},{"color":"#336699","name":"Prof G Tayeb","data":{"arc_personal_id":"CE0348259:Prof G Tayeb","node_source":"ARC","node_type":"Researcher","full_name":"Prof G Tayeb"},"class":"Researcher","self":"http://localhost:7474/db/data/node/89345","size":1},{"color":"#336699","name":"Dr R Slusher","data":{"arc_personal_id":"CE0348259:Dr R Slusher","node_source":"ARC","node_type":"Researcher","full_name":"Dr R Slusher"},"class":"Researcher","self":"http://localhost:7474/db/data/node/89344","size":1},{"color":"#336699","name":"Prof K Richardson","data":{"arc_personal_id":"CE0348259:Prof K Richardson","node_source":"ARC","node_type":"Researcher","full_name":"Prof K Richardson"},"class":"Researcher","self":"http://localhost:7474/db/data/node/89343","size":1},{"color":"#336699","name":"Dr K Kruszelnicki","data":{"arc_personal_id":"CE0348259:Dr K Kruszelnicki","node_source":"ARC","node_type":"Researcher","full_name":"Dr K Kruszelnicki"},"class":"Researcher","self":"http://localhost:7474/db/data/node/89342","size":1},{"color":"#336699","name":"Prof S Kawata","data":{"arc_personal_id":"CE0348259:Prof S Kawata","node_source":"ARC","node_type":"Researcher","full_name":"Prof S Kawata"},"class":"Researcher","self":"http://localhost:7474/db/data/node/89341","size":1},{"color":"#336699","name":"Dr MJ Withford","data":{"arc_personal_id":"CE0348259:Dr MJ Withford","node_source":"ARC","node_type":"Researcher","full_name":"Dr MJ Withford"},"class":"Researcher","self":"http://localhost:7474/db/data/node/89340","size":1},{"color":"#336699","name":"Prof JA Piper","data":{"arc_personal_id":"CE0348259:Prof JA Piper","node_source":"ARC","node_type":"Researcher","full_name":"Prof JA Piper"},"class":"Researcher","self":"http://localhost:7474/db/data/node/89339","size":1},{"color":"#336699","name":"Prof RC McPhedran","data":{"arc_personal_id":"CE0348259:Prof RC McPhedran","node_source":"ARC","node_type":"Researcher","full_name":"Prof RC McPhedran"},"class":"Researcher","self":"http://localhost:7474/db/data/node/89338","size":1},{"color":"#336699","name":"Prof B Luther-Davies","data":{"arc_personal_id":"CE0348259:Prof B Luther-Davies","node_source":"ARC","node_type":"Researcher","full_name":"Prof B Luther-Davies"},"class":"Researcher","self":"http://localhost:7474/db/data/node/89337","size":1},{"color":"#336699","name":"Dr WZ Krolikowski","data":{"arc_personal_id":"CE0348259:Dr WZ Krolikowski","node_source":"ARC","node_type":"Researcher","full_name":"Dr WZ Krolikowski"},"class":"Researcher","self":"http://localhost:7474/db/data/node/89336","size":1},{"color":"#336699","name":"Prof M Gu","data":{"arc_personal_id":"CE0348259:Prof M Gu","node_source":"ARC","node_type":"Researcher","full_name":"Prof M Gu"},"class":"Researcher","self":"http://localhost:7474/db/data/node/89335","size":1},{"color":"#336699","name":"Dr JM Dawes","data":{"arc_personal_id":"CE0348259:Dr JM Dawes","node_source":"ARC","node_type":"Researcher","full_name":"Dr JM Dawes"},"class":"Researcher","self":"http://localhost:7474/db/data/node/89334","size":1},{"color":"#336699","name":"Prof LC Botten","data":{"arc_personal_id":"CE0348259:Prof LC Botten","node_source":"ARC","node_type":"Researcher","full_name":"Prof LC Botten"},"class":"Researcher","self":"http://localhost:7474/db/data/node/89333","size":1},{"color":"#336699","name":"Dr JL Blows","data":{"arc_personal_id":"CE0348259:Dr JL Blows","node_source":"ARC","node_type":"Researcher","full_name":"Dr JL Blows"},"class":"Researcher","self":"http://localhost:7474/db/data/node/89332","size":1},{"color":"#336699","name":"Prof YS Kivshar","data":{"arc_personal_id":"CE0348259:Prof YS Kivshar","node_source":"ARC","node_type":"Researcher","full_name":"Prof YS Kivshar"},"class":"Researcher","self":"http://localhost:7474/db/data/node/89331","size":1},{"color":"#336699","name":"Dr BJ Eggleton","data":{"arc_personal_id":"CE0348259:Dr BJ Eggleton","node_source":"ARC","node_type":"Researcher","full_name":"Dr BJ Eggleton"},"class":"Researcher","self":"http://localhost:7474/db/data/node/89330","size":1},{"color":"#336699","name":"Dr CM de Sterke","data":{"arc_personal_id":"CE0348259:Dr CM de Sterke","node_source":"ARC","node_type":"Researcher","full_name":"Dr CM de Sterke"},"class":"Researcher","self":"http://localhost:7474/db/data/node/89329","size":1}],"class":"Grant","self":"http://localhost:7474/db/data/node/89328","size":1}