{"color":"#FF4D4D","name":"Diversity and Discipline: The Impact of Punishment on Indigenous Students' Attitudes Toward Schooling","data":{"research_area":"OTHER EDUCATION","research_area_code":"3399","application_year":2001,"purl":"http://purl.org/au-research/grants/arc/DI0238938","description":"The research will focus on punishment as an organising principle of schools and from empirical research, will construct a discourse within which discipline as power can be discussed.  The research offers a new approach to investigations on the disciplinary practices of schools and challenges the concept of regimes of punishment as a necessary adjunct to learning.  At the same time, it develops an Indigenous methodology which calls on participants as co-researchers to tell their stories as a critical aspect of grounded research  ","scientific_title":"Diversity and Discipline: The Impact of Punishment on Indigenous Students' Attitudes Toward Schooling","start_year":2002,"arc_grant_id":"DI0238938","total_budget":"$16,670","arc_scheme":"DI","node_source":"ARC","node_type":"Grant"},"children":[{"color":"#0066FF","name":"University of South Australia","data":{"source":"ARC","name":"University of South Australia","state":"SA","nla":"http://nla.gov.au/nla.party-574210","node_source":"ARC","node_type":"Institution"},"class":"Institution","self":"http://localhost:7474/db/data/node/89350","size":1},{"color":"#336699","name":"Ms P Thomson","data":{"arc_personal_id":"DI0238938:Ms P Thomson","node_source":"ARC","node_type":"Researcher","full_name":"Ms P Thomson"},"class":"Researcher","self":"http://localhost:7474/db/data/node/89354","size":1},{"color":"#336699","name":"Dr V Sanderson","data":{"arc_personal_id":"DI0238938:Dr V Sanderson","node_source":"ARC","node_type":"Researcher","full_name":"Dr V Sanderson"},"class":"Researcher","self":"http://localhost:7474/db/data/node/89353","size":1}],"class":"Grant","self":"http://localhost:7474/db/data/node/89352","size":1}