{"color":"#FF4D4D","name":"My Island Home - Construction of cultural identity for Torres Strait Islanders who migrated to the mainland post World War Two.","data":{"research_area":"CULTURAL STUDIES","research_area_code":"4203","application_year":2001,"purl":"http://purl.org/au-research/grants/arc/DI0240648","description":"The aims of the research are to examine 1) the construction of cultural identity for Torres Strait Islanders who migrated to Cairns during 1946 to 1955 and 2) to identify issues in relation to the construction and maintenance of cultural identity; the Islander's 'integration' into Australian society; and the transitional processes they negotiated in establishing new communities away from the Torres Strait.  This project is significant as it is one of the very few research projects conducted by a Torres Strait Islander on this issue, and its outcome will be a new perspective on the migration and culture of Torres Strait Islander people.   ","scientific_title":"My Island Home - Construction of cultural identity for Torres Strait Islanders who migrated to the mainland post World War Two.","start_year":2002,"arc_grant_id":"DI0240648","total_budget":"$24,522","arc_scheme":"DI","node_source":"ARC","node_type":"Grant"},"children":[{"color":"#0066FF","name":"James Cook University","data":{"source":"ARC","name":"James Cook University","state":"Qld","nla":"http://nla.gov.au/nla.party-642603","node_source":"ARC","node_type":"Institution"},"class":"Institution","self":"http://localhost:7474/db/data/node/89369","size":1},{"color":"#336699","name":"Dr SC McGinty","data":{"arc_personal_id":"DI0240648:Dr SC McGinty","node_source":"ARC","node_type":"Researcher","full_name":"Dr SC McGinty"},"class":"Researcher","self":"http://localhost:7474/db/data/node/89373","size":1},{"color":"#336699","name":"Ms F Watkin","data":{"arc_personal_id":"DI0240648:Ms F Watkin","node_source":"ARC","node_type":"Researcher","full_name":"Ms F Watkin"},"class":"Researcher","self":"http://localhost:7474/db/data/node/89372","size":1}],"class":"Grant","self":"http://localhost:7474/db/data/node/89371","size":1}