{"color":"#FF4D4D","name":"A Historical Study of Indigenous Higher Education Centres in Australia","data":{"research_area":"OTHER STUDIES IN HUMAN SOCIETY","research_area_code":"3799","application_year":2001,"purl":"http://purl.org/au-research/grants/arc/DI0240782","description":"Indigenous education centres have evolved and emerged across Australian universities for over thirty years, yet there has never been an independent chronological study of their historical development at the national level. This research documents the visions of those people who instigated the early development of Indigenous education centres in higher education, recording how their early development influenced or was influenced by Indigenous communities and individuals, or by government and university policies. From their humble beginnings right through to their present day expansion and diversity, the project aims to become an important contribution towards Aboriginal history and Australian higher education studies. ","scientific_title":"A Historical Study of Indigenous Higher Education Centres in Australia","start_year":2002,"arc_grant_id":"DI0240782","total_budget":"$20,000","arc_scheme":"DI","node_source":"ARC","node_type":"Grant"},"children":[{"color":"#0066FF","name":"The Australian National University","data":{"source":"ARC","name":"The Australian National University","state":"ACT","node_source":"ARC","node_type":"Institution"},"class":"Institution","self":"http://localhost:7474/db/data/node/89130","size":1},{"color":"#336699","name":"Prof JC Altman","data":{"arc_personal_id":"DI0240782:Prof JC Altman","node_source":"ARC","node_type":"Researcher","full_name":"Prof JC Altman"},"class":"Researcher","self":"http://localhost:7474/db/data/node/89377","size":1},{"color":"#336699","name":"Dr J Schwab","data":{"arc_personal_id":"DI0240782:Dr J Schwab","node_source":"ARC","node_type":"Researcher","full_name":"Dr J Schwab"},"class":"Researcher","self":"http://localhost:7474/db/data/node/89376","size":1},{"color":"#336699","name":"Ms FC Peters-Little","data":{"arc_personal_id":"DI0240782:Ms FC Peters-Little","node_source":"ARC","node_type":"Researcher","full_name":"Ms FC Peters-Little"},"class":"Researcher","self":"http://localhost:7474/db/data/node/89375","size":1}],"class":"Grant","self":"http://localhost:7474/db/data/node/89374","size":1}