{"color":"#FF4D4D","name":"The Aboriginal Fight for Liberty and Freedom - The hidden history of African-American influence on the 1920s rise of Aboriginal political activism.","data":{"research_area":"HISTORICAL STUDIES","research_area_code":"4301","application_year":2002,"purl":"http://purl.org/au-research/grants/arc/DI0347284","description":"This project will explore the significant African-American influences on the rise of the 1920s Aboriginal political movement. Previously undisclosed material revealed over the past two years has necessitated a re-evaluation of early Australian Aboriginal political history. Why was the history of the rise of early Aboriginal political activism missing for some five decades? Why were significant relationships with high profile African-American identities obscured and erased from memories?  The research outcomes from this archival study will make a contribution to the contemporary issues surrounding reconciliation and the current volatile historical debate over Aboriginal history. This project holds significant international racial historical importance.   ","scientific_title":"The Aboriginal Fight for Liberty and Freedom - The hidden history of African-American influence on the 1920s rise of Aboriginal political activism.","start_year":2003,"arc_grant_id":"DI0347284","total_budget":"$80,000","arc_scheme":"DI","node_source":"ARC","node_type":"Grant"},"children":[{"color":"#0066FF","name":"The University of Newcastle","data":{"source":"ARC","name":"The University of Newcastle","state":"NSW","node_source":"ARC","node_type":"Institution"},"class":"Institution","self":"http://localhost:7474/db/data/node/89089","size":1},{"color":"#336699","name":"Prof J Ramsland","data":{"arc_personal_id":"DI0347284:Prof J Ramsland","node_source":"ARC","node_type":"Researcher","full_name":"Prof J Ramsland"},"class":"Researcher","self":"http://localhost:7474/db/data/node/89384","size":1},{"color":"#336699","name":"Mr J Maynard","data":{"arc_personal_id":"DI0347284:Mr J Maynard","node_source":"ARC","node_type":"Researcher","full_name":"Mr J Maynard"},"class":"Researcher","self":"http://localhost:7474/db/data/node/89383","size":1}],"class":"Grant","self":"http://localhost:7474/db/data/node/89382","size":1}