{"color":"#FF4D4D","name":"Teaching Aboriginal Studies: A Critical Analysis of Core Aboriginal Studies Subjects in Primary Teacher Education Courses.","data":{"research_area":"EDUCATION STUDIES","research_area_code":"3301","application_year":2002,"purl":"http://purl.org/au-research/grants/arc/DI0347913","description":"The effective teaching of Aboriginal Studies in primary schools is an important tool for achieving Reconciliation, and mutual respect and understanding between Aboriginal and non-Aboriginal Australians. This cannot be achieved without effective teacher education. This study aims to: identify successful features of core Aboriginal Studies teacher education courses that can be emulated by teacher education institutions; and to critically analyse the nature, success and impact of core Aboriginal Studies primary teacher education courses upon primary preservice teachers? commitment and ability to teach Aboriginal Studies in schools.","scientific_title":"Teaching Aboriginal Studies: A Critical Analysis of Core Aboriginal Studies Subjects in Primary Teacher Education Courses.","start_year":2003,"arc_grant_id":"DI0347913","total_budget":"$20,000","arc_scheme":"DI","node_source":"ARC","node_type":"Grant"},"children":[{"color":"#0066FF","name":"University of Western Sydney","data":{"source":"ARC","name":"University of Western Sydney","state":"NSW","nla":"http://nla.gov.au/nla.party-485355","node_source":"ARC","node_type":"Institution"},"class":"Institution","self":"http://localhost:7474/db/data/node/89395","size":1},{"color":"#336699","name":"A/Prof C Halse","data":{"arc_personal_id":"DI0347913:A/Prof C Halse","node_source":"ARC","node_type":"Researcher","full_name":"A/Prof C Halse"},"class":"Researcher","self":"http://localhost:7474/db/data/node/89400","size":1},{"color":"#336699","name":"A/Prof RG Craven","data":{"arc_personal_id":"DI0347913:A/Prof RG Craven","node_source":"ARC","node_type":"Researcher","full_name":"A/Prof RG Craven"},"class":"Researcher","self":"http://localhost:7474/db/data/node/89399","size":1},{"color":"#336699","name":"Ms J Mooney","data":{"arc_personal_id":"DI0347913:Ms J Mooney","node_source":"ARC","node_type":"Researcher","full_name":"Ms J Mooney"},"class":"Researcher","self":"http://localhost:7474/db/data/node/89398","size":1}],"class":"Grant","self":"http://localhost:7474/db/data/node/89397","size":1}