{"color":"#FF4D4D","name":"The Benefits of HSC Aboriginal Studies: Disentangling the Impact on Indigenous Students? Self-Concepts and Educational Outcomes","data":{"research_area":"EDUCATION STUDIES","research_area_code":"3301","application_year":2004,"purl":"http://purl.org/au-research/grants/arc/DI0560709","description":"The HSC Aboriginal Studies course was introduced into NSW secondary schools in 1991 however the anticipated positive impact of this course on Indigenous students? self-concepts and educational outcomes has not been evaluated. This research aims to evaluate the impact of this course on Indigenous students? self-concepts and educational outcomes in order to: Identify strengths and limitations of this course as a basis of strengthening curriculum; identify new solutions for enhancing the tangible impact of this course on desirable educational outcomes for Indigenous students, and result in increasing Indigenous students? participation and retention in the HSC to predicate important further education, employment and life opportunities.","scientific_title":"The Benefits of HSC Aboriginal Studies: Disentangling the Impact on Indigenous Students? Self-Concepts and Educational Outcomes","start_year":2005,"arc_grant_id":"DI0560709","total_budget":"$38,631","arc_scheme":"DI","node_source":"ARC","node_type":"Grant"},"children":[{"color":"#0066FF","name":"University of Western Sydney","data":{"source":"ARC","name":"University of Western Sydney","state":"NSW","nla":"http://nla.gov.au/nla.party-485355","node_source":"ARC","node_type":"Institution"},"class":"Institution","self":"http://localhost:7474/db/data/node/89395","size":1},{"color":"#336699","name":"Mrs DE Wray; A/Prof RG Craven","data":{"arc_personal_id":"DI0560709:Mrs DE Wray; A/Prof RG Craven","node_source":"ARC","node_type":"Researcher","full_name":"Mrs DE Wray; A/Prof RG Craven"},"class":"Researcher","self":"http://localhost:7474/db/data/node/89419","size":1}],"class":"Grant","self":"http://localhost:7474/db/data/node/89418","size":1}