{"color":"#FF4D4D","name":"Spiritual Journeying and Cross- culturalism: The Art of Tim Johnson","data":{"research_area":"OTHER ARTS","research_area_code":"4199","application_year":2004,"purl":"http://purl.org/au-research/grants/arc/DI0560958","description":"This project will benefit the Australian community through new research on Tim Johnson , one of Australia's outstanding contemporary artists. Its exploration of the spiritual nature and the cross-cultural aspects of his work, especially in relation to Aboriginal Art, will provide a strong basis for further comparative research on the history of the relationship between art and spirituality in contemporary Australian art.  The resulting book and possible exhibition on this artist will make the fruits of this research widely known in the community.","scientific_title":"Spiritual Journeying and Cross- culturalism: The Art of Tim Johnson","start_year":2005,"arc_grant_id":"DI0560958","total_budget":"$166,743","arc_scheme":"DI","node_source":"ARC","node_type":"Grant"},"children":[{"color":"#0066FF","name":"The University of Melbourne","data":{"source":"ARC","name":"The University of Melbourne","state":"Vic","node_source":"ARC","node_type":"Institution"},"class":"Institution","self":"http://localhost:7474/db/data/node/89196","size":1},{"color":"#336699","name":"Dr D Leslie; Dr CR Marshall","data":{"arc_personal_id":"DI0560958:Dr D Leslie; Dr CR Marshall","node_source":"ARC","node_type":"Researcher","full_name":"Dr D Leslie; Dr CR Marshall"},"class":"Researcher","self":"http://localhost:7474/db/data/node/89423","size":1}],"class":"Grant","self":"http://localhost:7474/db/data/node/89422","size":1}