{"color":"#FF4D4D","name":"Aboriginal identities within architecture and the built environment: Perceptions of a sample of Indigenous and non-Indigenous architects","data":{"research_area":"OTHER STUDIES IN HUMAN SOCIETY","research_area_code":"3799","application_year":2006,"purl":"http://purl.org/au-research/grants/arc/DI0775792","description":"This cross-disciplinary approach of Architecture and Aboriginal Studies creates a new field when combined with decolonising methodology. This study aims to acquire knowledge and to consider the racial identities of the architect designer and building user. It is expected to lead to an improved understanding of architecture and the built environment for building users in Indigenous communities and organisations. It will also add further depth to Australian architectural design.","scientific_title":"Aboriginal identities within architecture and the built environment: Perceptions of a sample of Indigenous and non-Indigenous architects","start_year":2007,"arc_grant_id":"DI0775792","total_budget":"$16,000","arc_scheme":"DI","node_source":"ARC","node_type":"Grant"},"children":[{"color":"#0066FF","name":"The University of Newcastle","data":{"source":"ARC","name":"The University of Newcastle","state":"NSW","node_source":"ARC","node_type":"Institution"},"class":"Institution","self":"http://localhost:7474/db/data/node/89089","size":1},{"color":"#336699","name":"Ms TS Mallie; Asst Prof NA Blair; Dr S Fleming","data":{"arc_personal_id":"DI0775792:Ms TS Mallie; Asst Prof NA Blair; Dr S Fleming","node_source":"ARC","node_type":"Researcher","full_name":"Ms TS Mallie; Asst Prof NA Blair; Dr S Fleming"},"class":"Researcher","self":"http://localhost:7474/db/data/node/89439","size":1}],"class":"Grant","self":"http://localhost:7474/db/data/node/89438","size":1}