{"color":"#FF4D4D","name":"Reading as a cultural and historical practice","data":{"research_area":"CULTURAL STUDIES","research_area_code":"4203","application_year":2005,"purl":"http://purl.org/au-research/grants/arc/DI0668361","description":"A better understanding and use of reading as an academic tool for Indigenous and non-Indigenous students and educators will be a result of the research. It will provide a new understanding of how reading skills can be used by Indigenous students to comprehend academic information and how academics can approach reading without excluding Indigenous knowledges.","scientific_title":"Reading as a cultural and historical practice","start_year":2006,"arc_grant_id":"DI0668361","total_budget":"$20,000","arc_scheme":"DI","node_source":"ARC","node_type":"Grant"},"children":[{"color":"#0066FF","name":"University of Southern Queensland","data":{"source":"ARC","name":"University of Southern Queensland","state":"Qld","nla":"http://nla.gov.au/nla.party-597924","node_source":"ARC","node_type":"Institution"},"class":"Institution","self":"http://localhost:7474/db/data/node/89432","size":1},{"color":"#336699","name":"Dr B Collins-Gearing","data":{"arc_personal_id":"DI0668361:Dr B Collins-Gearing","node_source":"ARC","node_type":"Researcher","full_name":"Dr B Collins-Gearing"},"class":"Researcher","self":"http://localhost:7474/db/data/node/89435","size":1}],"class":"Grant","self":"http://localhost:7474/db/data/node/89434","size":1}