{"color":"#FF4D4D","name":"World Health Organisation's AIDS policy historical analysis over the last decade","data":{"media_summary":"","end_year":2000,"nhmrc_grant_id":956510,"application_year":1994,"start_year":1995,"scientific_title":"World Health Organisation's AIDS policy historical analysis over the last decade","node_source":"NHMRC","node_type":"Grant","field_of_research":"Medical Virology","research_area":"Public Health","for_category":"MEDICAL MICROBIOLOGY","cia_name":"Ms Kathleen Kay","higher_grant_type":"CARG - People","purl":"http://purl.org/au-research/grants/nhmrc/956510","simplified_title":"World Health Organisation's AIDS policy historical analysis over the last decade","sub_type":"Public Health CARG Scholarship","total_budget":"54693.03","source_system":""},"children":[{"color":"#0066FF","name":"University of New South Wales","data":{"source":"NHMRC","name":"University of New South Wales","state":"NSW","nla":"http://nla.gov.au/nla.party-593921","type":"University","node_source":"NHMRC","node_type":"Institution"},"class":"Institution","self":"http://localhost:7474/db/data/node/7","size":1},{"color":"#336699","name":"Ms Kathleen Kay","data":{"first_name":"Kathleen","title":"Ms","dw_individual_id":"DW0037680","middle_name":"L","last_name":"Kay","source_individual_id":"RMIS706020","node_source":"NHMRC","node_type":"Researcher","source_system":"RMIS","full_name":"Ms Kathleen Kay"},"class":"Researcher","self":"http://localhost:7474/db/data/node/86759","size":1}],"class":"Grant","self":"http://localhost:7474/db/data/node/9","size":1}