{"color":"#336699","name":"Robin Beck","data":{"first_name":"Robin","university_url":"http://www.bees.unsw.edu.au/robin-beck","email":"","social":"","last_name":"Beck","node_source":"Web","node_type":"Researcher","have_grants":true,"full_name":"Robin Beck"},"children":[{"color":"#123456","name":"doi:10.5061/dryad.25nt8","data":{"node_source":"Dryad","node_type":"Dataset","doi":"doi:10.5061/dryad.25nt8"},"class":"Dataset","self":"http://localhost:7474/db/data/node/141081","size":1},{"color":"#FF4D4D","name":"Using ancient fossils and new methods to unravel Australian mammal evolution in deep time","data":{"research_area":"EVOLUTIONARY BIOLOGY","research_area_code":"0603","application_year":2011,"purl":"http://purl.org/au-research/grants/arc/DE120100957","description":"This project will explore the evolution of Australia's unique mammal fauna by studying fossil mammals recently discovered at Tingamarra, a 55 million year old fossil site in north-eastern Queensland. In particular, it will help us understand the origin, radiation and diversification of Australia's iconic marsupials.","scientific_title":"Using ancient fossils and new methods to unravel Australian mammal evolution in deep time","start_year":2012,"arc_grant_id":"DE120100957","total_budget":"$375,000","arc_scheme":"DE","node_source":"ARC","node_type":"Grant"},"children":[{"color":"#0066FF","name":"The University of New South Wales","data":{"source":"ARC","name":"The University of New South Wales","state":"NSW","node_source":"ARC","node_type":"Institution"},"class":"Institution","self":"http://localhost:7474/db/data/node/89069","size":1}],"class":"Grant","self":"http://localhost:7474/db/data/node/130210","size":1}],"class":"Researcher","self":"http://localhost:7474/db/data/node/141080","size":1}