{"color":"#336699","name":"Sam Banks","data":{"first_name":"Sam","university_url":"https://researchers.anu.edu.au/researchers/banks-sc","email":"","social":"","last_name":"Banks","node_source":"Web","node_type":"Researcher","have_grants":true,"full_name":"Sam Banks"},"children":[{"color":"#123456","name":"doi:10.5061/dryad.jq878","data":{"node_source":"Dryad","node_type":"Dataset","doi":"doi:10.5061/dryad.jq878"},"class":"Dataset","self":"http://localhost:7474/db/data/node/141071","size":1},{"color":"#123456","name":"doi:10.5061/dryad.9143","data":{"node_source":"Dryad","node_type":"Dataset","doi":"doi:10.5061/dryad.9143"},"class":"Dataset","self":"http://localhost:7474/db/data/node/141070","size":1},{"color":"#FF4D4D","name":"Life history responses to habitat heterogeneity and implications for conservation","data":{"research_area":"ECOLOGY AND EVOLUTION","research_area_code":"2707","application_year":2008,"purl":"http://purl.org/au-research/grants/arc/DP0984876","description":"This exciting new research project will provide a novel understanding of how animals respond and adapt to environmental variation. This will fill a critical gap between ecological theory and real-world populations and initiate a major shift in how we view the relationship between environments and the species that inhabit them. Natural resource use practices like forestry are rarely considered compatible with biodiversity conservation. This research will provide on-the-ground management recommendations to integrate such land uses with conservation, thereby providing both economic and conservation benefits to the Australian community.","scientific_title":"Life history responses to habitat heterogeneity and implications for conservation","start_year":2009,"arc_grant_id":"DP0984876","total_budget":"$290,000","arc_scheme":"DP","node_source":"ARC","node_type":"Grant"},"children":[{"color":"#0066FF","name":"The Australian National University","data":{"source":"ARC","name":"The Australian National University","state":"ACT","node_source":"ARC","node_type":"Institution"},"class":"Institution","self":"http://localhost:7474/db/data/node/89130","size":1}],"class":"Grant","self":"http://localhost:7474/db/data/node/109853","size":1}],"class":"Researcher","self":"http://localhost:7474/db/data/node/141069","size":1}