{"color":"#336699","name":"Luciano Beheregaray","data":{"first_name":"Luciano","university_url":"http://www.flinders.edu.au/people/luciano.beheregaray","email":"","social":"","last_name":"Beheregaray","node_source":"Web","node_type":"Researcher","have_grants":true,"full_name":"Luciano Beheregaray"},"children":[{"color":"#123456","name":"doi:10.5061/dryad.v5gp1233","data":{"node_source":"Dryad","node_type":"Dataset","doi":"doi:10.5061/dryad.v5gp1233"},"class":"Dataset","self":"http://localhost:7474/db/data/node/141085","size":1},{"color":"#123456","name":"doi:10.5061/dryad.m6k89833","data":{"node_source":"Dryad","node_type":"Dataset","doi":"doi:10.5061/dryad.m6k89833"},"class":"Dataset","self":"http://localhost:7474/db/data/node/141084","size":1},{"color":"#FF4D4D","name":"History, transport, or temperature: solving the riddle of Australia's temperate marine biodiversity","data":{"research_area":"GENETICS","research_area_code":"0604","application_year":2010,"purl":"http://purl.org/au-research/grants/arc/DP110101275","description":"Maintaining a healthy and biologically diverse marine environment is essential for sustaining economic development. This project will integrate different research fields to answer fundamental questions about marine biodiversity. This will improve the capacity to identify priorities for conservation planning and sustainable use of Australia's marine assets.","scientific_title":"History, transport, or temperature: solving the riddle of Australia's temperate marine biodiversity","start_year":2011,"arc_grant_id":"DP110101275","total_budget":"$225,000","arc_scheme":"DP","node_source":"ARC","node_type":"Grant"},"children":[{"color":"#0066FF","name":"The Flinders University of South Australia","data":{"source":"ARC","name":"The Flinders University of South Australia","state":"SA","nla":"http://nla.gov.au/nla.party-593299","node_source":"ARC","node_type":"Institution"},"class":"Institution","self":"http://localhost:7474/db/data/node/89404","size":1}],"class":"Grant","self":"http://localhost:7474/db/data/node/131985","size":1},{"color":"#FF4D4D","name":"Phylogeography, Conservation Genetics and Stocking Management of Perches and Basses","data":{"research_area":"ECOLOGY AND EVOLUTION","research_area_code":"2707","application_year":2005,"purl":"http://purl.org/au-research/grants/arc/LP0667952","description":"This project will use DNA data to address fundamental questions about the origin and maintenance of biodiversity in a popular and widely distributed fish group. From a conservation perspective, the project will produce a benchmark about management of fish resources. We will investigate questions related to important conservation issues (including the recovery plan of a nationally threatened species) and the management of stocking activities in recreational fisheries of coastal and inland waters. The latter is particularly relevant to rural communities since they provide both social and economic benefits to rural people.","scientific_title":"Phylogeography, Conservation Genetics and Stocking Management of Perches and Basses","start_year":2006,"arc_grant_id":"LP0667952","total_budget":"$227,000","arc_scheme":"LP","node_source":"ARC","node_type":"Grant"},"children":[{"color":"#0066FF","name":"Macquarie University","data":{"source":"ARC","name":"Macquarie University","state":"NSW","nla":"http://nla.gov.au/nla.party-501485","node_source":"ARC","node_type":"Institution"},"class":"Institution","self":"http://localhost:7474/db/data/node/90814","size":1}],"class":"Grant","self":"http://localhost:7474/db/data/node/121249","size":1}],"class":"Researcher","self":"http://localhost:7474/db/data/node/141083","size":1}