{"color":"#336699","name":"Kathy Belov","data":{"first_name":"Kathy","rda":"http://researchdata.ands.org.au/katherine-belov/341529","university_url":"http://sydney.edu.au/vetscience/about/staff/kbelov.shtml","email":"","social":"","last_name":"Belov","node_source":"Web","node_type":"Researcher","have_grants":true,"full_name":"Kathy Belov"},"children":[{"color":"#123456","name":"doi:10.5061/dryad.4qq0v","data":{"node_source":"Dryad","node_type":"Dataset","doi":"doi:10.5061/dryad.4qq0v"},"class":"Dataset","self":"http://localhost:7474/db/data/node/141090","size":1},{"color":"#FF4D4D","name":"Monotreme immune system provides insights into their evolutionary relationships","data":{"research_area":"GENETICS","research_area_code":"2702","application_year":2001,"purl":"http://purl.org/au-research/grants/arc/DP0212085","description":"Genes of immunological importance will be cloned and characterised from the short-beaked echidna with the purpose of investigating the immune system in monotremes, gaining insights into the timing and order of evolutionary separation of the three extant mammalian groups:- the Prototherians (monotremes), the Metatherians (marsupials) and Eutherians (placentals), increasing understanding of the evolution of the vertebrate immune system and providing the basis for making immunological reagents which are necessary for studying monotreme diseases (as a precautionary conservation strategy).","scientific_title":"Monotreme immune system provides insights into their evolutionary relationships","start_year":2002,"arc_grant_id":"DP0212085","total_budget":"$237,000","arc_scheme":"DP","node_source":"ARC","node_type":"Grant"},"children":[{"color":"#0066FF","name":"The Australian Museum","data":{"source":"ARC","name":"The Australian Museum","state":"NSW","node_source":"ARC","node_type":"Institution"},"class":"Institution","self":"http://localhost:7474/db/data/node/91991","size":1}],"class":"Grant","self":"http://localhost:7474/db/data/node/91992","size":1},{"color":"#FF4D4D","name":"The genetics of resistance to devil facial tumour disease.","data":{"research_area":"GENETICS","research_area_code":"2702","application_year":2008,"purl":"http://purl.org/au-research/grants/arc/FT0992212","description":"Tasmanian devils are on the brink of extinction due to a new contagious cancer: Devil Facial Tumour Disease (DFTD). The aim of this project is to determine the genetic nature of DFTD resistance in order to directly contribute to the conservation management of this iconic and ecologically important species. This research will generate fundamental information about genetic diversity in Tasmanian devils and establish the feasibility of breeding resistant animals for release into the wild.","scientific_title":"The genetics of resistance to devil facial tumour disease.","start_year":2009,"arc_grant_id":"FT0992212","total_budget":"$686,400","arc_scheme":"FT","node_source":"ARC","node_type":"Grant"},"children":[{"color":"#0066FF","name":"The University of Sydney","data":{"source":"ARC","name":"The University of Sydney","state":"NSW","nla":"http://sydney.edu.au/","node_source":"ARC","node_type":"Institution"},"class":"Institution","self":"http://localhost:7474/db/data/node/89230","size":1}],"class":"Grant","self":"http://localhost:7474/db/data/node/137079","size":1},{"color":"#FF4D4D","name":"Characterization of the tammar wallaby MHC","data":{"research_area":"GENETICS","research_area_code":"2702","application_year":2005,"purl":"http://purl.org/au-research/grants/arc/DP0665687","description":"We will be able to determine the immunological fitness of marsupial populations which will help us to conserve our native fauna and protect our eco-tourism industry.    We will work in the international arena of large scale genomics and bring new technologies to Australia.","scientific_title":"Characterization of the tammar wallaby MHC","start_year":2006,"arc_grant_id":"DP0665687","total_budget":"$220,000","arc_scheme":"DP","node_source":"ARC","node_type":"Grant"},"children":[{"color":"#0066FF","name":"The University of Sydney","data":{"source":"ARC","name":"The University of Sydney","state":"NSW","nla":"http://sydney.edu.au/","node_source":"ARC","node_type":"Institution"},"class":"Institution","self":"http://localhost:7474/db/data/node/89230","size":1}],"class":"Grant","self":"http://localhost:7474/db/data/node/100931","size":1},{"color":"#FF4D4D","name":"ARC Kangaroo Genome Centre of Excellence","data":{"research_area":"GENETICS","research_area_code":"2702","application_year":2002,"purl":"http://purl.org/au-research/grants/arc/CE0348205","description":"In this Australian-led Kangaroo Genome Project, we will map and characterize the tammar wallaby genome at the molecular level. Marsupial genomes are uniquely valuable because they provide comparisons that reveal new human genes, regulatory sequences and marsupial-specific genes. These  will deliver new products and information useful for medicine, industry, agriculture and conservation.     We will construct integrated genetic and physical maps of the genome, clone the whole genome as large inserts in BAC vectors, and build a ?golden path? with minimal overlap. We will construct libraries of expressed genes from tammar tissues and array them for use in analysing gene expression.   ","scientific_title":"ARC Kangaroo Genome Centre of Excellence","start_year":2003,"arc_grant_id":"CE0348205","total_budget":"$5,271,140","arc_scheme":"CE","node_source":"ARC","node_type":"Grant"},"children":[{"color":"#0066FF","name":"The Australian National University","data":{"source":"ARC","name":"The Australian National University","state":"ACT","node_source":"ARC","node_type":"Institution"},"class":"Institution","self":"http://localhost:7474/db/data/node/89130","size":1}],"class":"Grant","self":"http://localhost:7474/db/data/node/89176","size":1}],"class":"Researcher","self":"http://localhost:7474/db/data/node/141087","size":1}