{"color":"#336699","name":"marcus chen","data":{"first_name":"marcus","rda":"https://researchdata.ands.org.au/apr-marcus-chen/104261","email":"","social":"","last_name":"chen","node_source":"Web","node_type":"Researcher","full_name":"marcus chen"},"children":[{"color":"#123456","name":"doi:10.5061/dryad.h53v8","data":{"node_source":"Dryad","node_type":"Dataset","doi":"doi:10.5061/dryad.h53v8"},"class":"Dataset","self":"http://localhost:7474/db/data/node/141158","size":1},{"color":"#FF4D4D","name":"Improving the control of chlamydia in Australia.","data":{"media_summary":"","end_year":2008,"keywords":["chlamydia","prevalence","screening","sexually transmitted infections"],"nhmrc_grant_id":400399,"application_year":2005,"start_year":2006,"scientific_title":"Improving the control of chlamydia in Australia.","node_source":"NHMRC","node_type":"Grant","field_of_research":"Epidemiology","research_area":"Public Health","for_category":"PUBLIC HEALTH AND HEALTH SERVICES","cia_name":"A/Pr Marcus Chen","higher_grant_type":"Early Career Fellowships","purl":"http://purl.org/au-research/grants/nhmrc/400399","simplified_title":"Improving the control of chlamydia in Australia.","sub_type":"Public Health (Australia) ECF","total_budget":"208125","source_system":""},"children":[{"color":"#0066FF","name":"University of Melbourne","data":{"source":"NHMRC","name":"University of Melbourne","state":"VIC","nla":"http://nla.gov.au/nla.party-513462","type":"University","node_source":"NHMRC","node_type":"Institution"},"class":"Institution","self":"http://localhost:7474/db/data/node/16","size":1}],"class":"Grant","self":"http://localhost:7474/db/data/node/60431","size":1},{"color":"#FF4D4D","name":"The epidemiology of genital chlamydial infection in New South Wales","data":{"media_summary":"","end_year":2006,"keywords":["chlamydia trachomatis","sexually transmitted infections"],"nhmrc_grant_id":262032,"application_year":2002,"start_year":2003,"scientific_title":"The epidemiology of genital chlamydial infection in New South Wales","node_source":"NHMRC","node_type":"Grant","field_of_research":"Epidemiology","research_area":"Public Health","for_category":"PUBLIC HEALTH AND HEALTH SERVICES","cia_name":"A/Pr Marcus Chen","higher_grant_type":"NHMRC Postgraduate Scholarships","purl":"http://purl.org/au-research/grants/nhmrc/262032","simplified_title":"The epidemiology of genital chlamydial infection in New South Wales","sub_type":"Medical Postgraduate Scholarship","total_budget":"73664.65","source_system":""},"children":[{"color":"#0066FF","name":"University of Sydney","data":{"source":"NHMRC","name":"University of Sydney","state":"NSW","nla":"http://nla.gov.au/nla.party-593941","type":"University","node_source":"NHMRC","node_type":"Institution"},"class":"Institution","self":"http://localhost:7474/db/data/node/13","size":1}],"class":"Grant","self":"http://localhost:7474/db/data/node/4749","size":1},{"color":"#FF4D4D","name":"Evaluation of Chlamydia trachomatis treatment failure: a cohort study of women","data":{"media_summary":"","end_year":2014,"keywords":["chlamydia","infectious diseases","preventive health","sexually-transmitted infections (STI)","sexual health"],"nhmrc_grant_id":1023239,"application_year":2011,"health_keywords":["sexual behaviour","microbiology"],"scientific_title":"Evaluation of Chlamydia trachomatis treatment failure: a cohort study of women","start_year":2012,"node_source":"NHMRC","node_type":"Grant","field_of_research":"Primary Health Care","research_area":"Public Health","for_category":"PUBLIC HEALTH AND HEALTH SERVICES","cia_name":"A/Pr Jane Hocking","higher_grant_type":"NHMRC Project Grants","purl":"http://purl.org/au-research/grants/nhmrc/1023239","simplified_title":"Chlamydia treatment failure in Australia: a major cause for concern","sub_type":"Standard Project Grant","total_budget":"761844","source_system":"Chlamydia is a very common sexually transmissible infection in Australia that can lead to infertility in women. About 4% of young adults have it. There is increasing concern by experts about the efficacy of the recommended chlamydia treatment. This is further supported by very high repeat infection rates following a previous positive chlamydia diagnosis. This study will measure whether chlamydia treatment failure is a problem and if so, this will change treatment guidelines worldwide."},"children":[{"color":"#0066FF","name":"University of Melbourne","data":{"source":"NHMRC","name":"University of Melbourne","state":"VIC","nla":"http://nla.gov.au/nla.party-513462","type":"University","node_source":"NHMRC","node_type":"Institution"},"class":"Institution","self":"http://localhost:7474/db/data/node/16","size":1}],"class":"Grant","self":"http://localhost:7474/db/data/node/72572","size":1},{"color":"#FF4D4D","name":"Neisseria gonorrhoeae antmicrobial resistance: detection and propagation","data":{"media_summary":"","end_year":2014,"keywords":["antibiotic resistance","gonorrhoea","molecular epidemiology","Aboriginal health","remote communities"],"nhmrc_grant_id":1025517,"application_year":2011,"start_year":2012,"scientific_title":"Neisseria gonorrhoeae antmicrobial resistance: detection and propagation","node_source":"NHMRC","node_type":"Grant","field_of_research":"Aboriginal and Torres Strait Islander Health","research_area":"Public Health","for_category":"PUBLIC HEALTH AND HEALTH SERVICES","cia_name":"A/Pr David Whiley","higher_grant_type":"NHMRC Project Grants","purl":"http://purl.org/au-research/grants/nhmrc/1025517","simplified_title":"Investigating new problems of antibiotic resistance in Neisseria gonorrhoeae","sub_type":"Standard Project Grant","total_budget":"435129.13","source_system":"Neisseria gonorrhoeae, the pathogen that causes gonorrhoea, has developed resistance to multiple classes of antibiotics. The last remaining class of antibiotics that can successfully be used for general treatment of gonorrhoea is extended spectrum cephalosporins (ESCs). However, we are now starting to see Neisseria gonorrhoeae isolates with early signs of ESC resistance. This research will use molecular technology and mathematical modelling to investigate Neisseria gonorrhoeae antimicrobial resistance in Australia."},"children":[{"color":"#0066FF","name":"University of Queensland","data":{"source":"NHMRC","name":"University of Queensland","state":"QLD","nla":"http://nla.gov.au/nla.party-460867","type":"University","node_source":"NHMRC","node_type":"Institution"},"class":"Institution","self":"http://localhost:7474/db/data/node/22","size":1}],"class":"Grant","self":"http://localhost:7474/db/data/node/72744","size":1}],"class":"Researcher","self":"http://localhost:7474/db/data/node/141156","size":1}