{"color":"#336699","name":"Christofer Clemente","data":{"first_name":"Christofer","university_url":"http://researchers.uq.edu.au/researcher/2785","email":"","social":"https://www.linkedin.com/profile/view?id=39286371&authType=NAME_SEARCH&authToken=CwEO&locale=en_US&srchid=1031117051407754759223&srchindex=1&srchtotal=1&trk=vsrp_people_res_name&trkInfo=VSRPsearchId%3A1031117051407754759223%2CVSRPtargetId%3A39286371%2CVSRPcmpt%3Aprimary","last_name":"Clemente","node_source":"Web","node_type":"Researcher","have_grants":true,"full_name":"Christofer Clemente"},"children":[{"color":"#123456","name":"doi:10.5061/dryad.14mb6","data":{"node_source":"Dryad","node_type":"Dataset","doi":"doi:10.5061/dryad.14mb6"},"class":"Dataset","self":"http://localhost:7474/db/data/node/141165","size":1},{"color":"#FF4D4D","name":"Design of a biologically inspired running and climbing robotic lizard","data":{"research_area":"PHYSIOLOGY","research_area_code":"0606","application_year":2011,"purl":"http://purl.org/au-research/grants/arc/DE120101503","description":"Watch any movie and it will tell you that robots are the future. The trouble is that recent attempts to build running and climbing robots have had limited success. This project explores locomotion of lizards to improve upon shortfalls in current robotic design, to build biologically inspired robots capable of running and climbing up and down walls.","scientific_title":"Design of a biologically inspired running and climbing robotic lizard","start_year":2012,"arc_grant_id":"DE120101503","total_budget":"$375,000","arc_scheme":"DE","node_source":"ARC","node_type":"Grant"},"children":[{"color":"#0066FF","name":"The University of Queensland","data":{"source":"ARC","name":"The University of Queensland","state":"Qld","node_source":"ARC","node_type":"Institution"},"class":"Institution","self":"http://localhost:7474/db/data/node/89183","size":1}],"class":"Grant","self":"http://localhost:7474/db/data/node/130324","size":1}],"class":"Researcher","self":"http://localhost:7474/db/data/node/141164","size":1}