{"color":"#336699","name":"Michael Lee","data":{"first_name":"Michael","university_url":"http://www.adelaide.edu.au/directory/michael.s.lee","email":"","social":"","last_name":"Lee","node_source":"Web","node_type":"Researcher","full_name":"Michael Lee"},"children":[{"color":"#123456","name":"doi:10.5061/dryad.c09b0","data":{"node_source":"Dryad","node_type":"Dataset","doi":"doi:10.5061/dryad.c09b0"},"class":"Dataset","self":"http://localhost:7474/db/data/node/141335","size":1},{"color":"#FF4D4D","name":"Islands of rocks: geckos as a model system to understand patterns of biodiversity, endemism and speciation in the Kimberley","data":{"research_area":"EVOLUTIONARY BIOLOGY","research_area_code":"0603","application_year":2011,"purl":"http://purl.org/au-research/grants/arc/LP120100081","description":"Australia is renowned for its diversity of lizards, yet a plethora of new \"cryptic\" gecko species continue to be discovered.  The project will densely sample the complex Kimberley to understand the evolution of its geckos, which will shed light on true levels of species diversity and the geological and environmental history of this biodiversity hotspot.","scientific_title":"Islands of rocks: geckos as a model system to understand patterns of biodiversity, endemism and speciation in the Kimberley","start_year":2012,"arc_grant_id":"LP120100081","total_budget":"$195,000","arc_scheme":"LP","node_source":"ARC","node_type":"Grant"},"children":[{"color":"#0066FF","name":"The University of Melbourne","data":{"source":"ARC","name":"The University of Melbourne","state":"Vic","node_source":"ARC","node_type":"Institution"},"class":"Institution","self":"http://localhost:7474/db/data/node/89196","size":1}],"class":"Grant","self":"http://localhost:7474/db/data/node/139751","size":1}],"class":"Researcher","self":"http://localhost:7474/db/data/node/141334","size":1}