{"color":"#336699","name":"Cynthia Riginos","data":{"first_name":"Cynthia","university_url":"http://researchers.uq.edu.au/researcher/1650","email":"","social":"","last_name":"Riginos","node_source":"Web","node_type":"Researcher","full_name":"Cynthia Riginos"},"children":[{"color":"#123456","name":"doi:10.5061/dryad.522cm","data":{"node_source":"Dryad","node_type":"Dataset","doi":"doi:10.5061/dryad.522cm"},"class":"Dataset","self":"http://localhost:7474/db/data/node/141474","size":1},{"color":"#FF4D4D","name":"Reconciling competing objectives for the design of marine reserve networks: biodiversity, food security, and local equity in benefits","data":{"research_area":"ENVIRONMENTAL SCIENCE AND MANAGEMENT","research_area_code":"0502","application_year":2011,"purl":"http://purl.org/au-research/grants/arc/LP120200245","description":"This project uses a decision-theoretic framework to balance the often conflicting marine conservation objectives of preserving biodiversity and building food security for local communities in the socially and ecologically complex region of the Coral Triangle. A new reserve design will boost biodiversity conservation and better support livelihoods.","scientific_title":"Reconciling competing objectives for the design of marine reserve networks: biodiversity, food security, and local equity in benefits","start_year":2012,"arc_grant_id":"LP120200245","total_budget":"$285,000","arc_scheme":"LP","node_source":"ARC","node_type":"Grant"},"children":[{"color":"#0066FF","name":"The University of Queensland","data":{"source":"ARC","name":"The University of Queensland","state":"Qld","node_source":"ARC","node_type":"Institution"},"class":"Institution","self":"http://localhost:7474/db/data/node/89183","size":1}],"class":"Grant","self":"http://localhost:7474/db/data/node/140126","size":1},{"color":"#FF4D4D","name":"Coral reef connectivity: an empirical and theoretical synthesis","data":{"research_area":"ENVIRONMENTAL SCIENCES","research_area_code":"3008","application_year":2007,"purl":"http://purl.org/au-research/grants/arc/DP0878306","description":"Australia possesses the greatest marine biodiversity of any first world country and this biodiversity is a major contributor to our economic wealth. Nonetheless, Australia's coral reef communities are threatened by various human activities and climate change. Wisely designed systems of marine reserves are critical to mitigating threats to coral reefs, but existing approaches do not incorporate crucial information about ecological connections between reefs. We will use graph theory metrics to identify priority reefs for protection based on empirical genetic and hydrological connectivity information. In addition, we will determine the sensitivity of these priorities to climate change scenarios.","scientific_title":"Coral reef connectivity: an empirical and theoretical synthesis","start_year":2008,"arc_grant_id":"DP0878306","total_budget":"$473,640","arc_scheme":"DP","node_source":"ARC","node_type":"Grant"},"children":[{"color":"#0066FF","name":"The University of Queensland","data":{"source":"ARC","name":"The University of Queensland","state":"Qld","node_source":"ARC","node_type":"Institution"},"class":"Institution","self":"http://localhost:7474/db/data/node/89183","size":1}],"class":"Grant","self":"http://localhost:7474/db/data/node/108415","size":1},{"color":"#FF4D4D","name":"Equipment Grant","data":{"media_summary":"","end_year":2006,"keywords":["Equipment Grant"],"nhmrc_grant_id":361659,"application_year":2004,"start_year":2006,"scientific_title":"Equipment Grant","node_source":"NHMRC","node_type":"Grant","field_of_research":"Endocrinology","research_area":"Not Applicable","for_category":"CLINICAL SCIENCES","cia_name":"Ms Julia Malone","higher_grant_type":"NHMRC Infrastructure Grants","purl":"http://purl.org/au-research/grants/nhmrc/361659","simplified_title":"Equipment","sub_type":"Equipment Grant","total_budget":"206933","source_system":""},"children":[{"color":"#0066FF","name":"Murdoch Childrens Research Institute","data":{"source":"NHMRC","name":"Murdoch Childrens Research Institute","state":"VIC","nla":"http://nla.gov.au/nla.party-1306438","type":"Research","node_source":"NHMRC","node_type":"Institution"},"class":"Institution","self":"http://localhost:7474/db/data/node/152","size":1}],"class":"Grant","self":"http://localhost:7474/db/data/node/6746","size":1}],"class":"Researcher","self":"http://localhost:7474/db/data/node/141473","size":1}