{"color":"#336699","name":"Sarah Pryke","data":{"first_name":"Sarah","university_url":"http://biology.anu.edu.au/people/sarah-pryke","email":"","social":"","last_name":"Pryke","node_source":"Web","node_type":"Researcher","full_name":"Sarah Pryke"},"children":[{"color":"#123456","name":"doi:10.5061/dryad.v3b42mv1","data":{"node_source":"Dryad","node_type":"Dataset","doi":"doi:10.5061/dryad.v3b42mv1"},"class":"Dataset","self":"http://localhost:7474/db/data/node/141452","size":1},{"color":"#123456","name":"doi:10.5061/dryad.fv21r","data":{"node_source":"Dryad","node_type":"Dataset","doi":"doi:10.5061/dryad.fv21r"},"class":"Dataset","self":"http://localhost:7474/db/data/node/141451","size":1},{"color":"#123456","name":"doi:10.5061/dryad.70dj6","data":{"node_source":"Dryad","node_type":"Dataset","doi":"doi:10.5061/dryad.70dj6"},"class":"Dataset","self":"http://localhost:7474/db/data/node/141450","size":1},{"color":"#FF4D4D","name":"Boxing clever: artificial nest boxes as a conservation and research tool","data":{"research_area":"ECOLOGY","research_area_code":"0602","application_year":2010,"purl":"http://purl.org/au-research/grants/arc/LP110200782","description":"Saving endangered species increasingly requires proactive management. This project presents an innovative and practical solution to save an iconic Australian species, while also providing the scientific foundation for the development of a novel Australian-based commercial product that will be used to protect and restore Australian biodiversity.","scientific_title":"Boxing clever: artificial nest boxes as a conservation and research tool","start_year":2011,"arc_grant_id":"LP110200782","total_budget":"$230,000","arc_scheme":"LP","node_source":"ARC","node_type":"Grant"},"children":[{"color":"#0066FF","name":"Macquarie University","data":{"source":"ARC","name":"Macquarie University","state":"NSW","nla":"http://nla.gov.au/nla.party-501485","node_source":"ARC","node_type":"Institution"},"class":"Institution","self":"http://localhost:7474/db/data/node/90814","size":1}],"class":"Grant","self":"http://localhost:7474/db/data/node/139853","size":1},{"color":"#FF4D4D","name":"Manipulative mothers and family feuds: evolution of maternal effects under mother-offspring conflict","data":{"research_area":"ECOLOGY","research_area_code":"0602","application_year":2011,"purl":"http://purl.org/au-research/grants/arc/DP120104368","description":"Can mothers shape the lives of their offspring and their grand-offspring? Can siblings shape the lives of their brothers and sisters? This project will address how mother and offspring strategies affect current and future generations. This is crucial for understanding how mothers will direct and accelerate evolutionary change in our changing world.","scientific_title":"Manipulative mothers and family feuds: evolution of maternal effects under mother-offspring conflict","start_year":2012,"arc_grant_id":"DP120104368","total_budget":"$327,000","arc_scheme":"DP","node_source":"ARC","node_type":"Grant"},"children":[{"color":"#0066FF","name":"Macquarie University","data":{"source":"ARC","name":"Macquarie University","state":"NSW","nla":"http://nla.gov.au/nla.party-501485","node_source":"ARC","node_type":"Institution"},"class":"Institution","self":"http://localhost:7474/db/data/node/90814","size":1}],"class":"Grant","self":"http://localhost:7474/db/data/node/133843","size":1},{"color":"#FF4D4D","name":"Alternative life-history strategies in the evolution of colour polymorphism","data":{"research_area":"ECOLOGY AND EVOLUTION","research_area_code":"2707","application_year":2006,"purl":"http://purl.org/au-research/grants/arc/DP0770889","description":"Theoreticians have long recognised the value of colour polymorphic systems for providing a window into the evolution of genetic diversity, adaptations and even speciation. However, few species display appropriate discrete polymorphisms, and as such, there is little empirical evidence to support these ideas. Using a series of innovative experiments and a unique bird displaying three discrete head colours, I will test these theories, producing results which will have a major international impact. Understanding the interaction of environmental and genetic diversity in the highly endangered Gouldian finch also offers an opportunity to provide insight into how declining wild populations can be effectively managed.","scientific_title":"Alternative life-history strategies in the evolution of colour polymorphism","start_year":2007,"arc_grant_id":"DP0770889","total_budget":"$422,000","arc_scheme":"DP","node_source":"ARC","node_type":"Grant"},"children":[{"color":"#0066FF","name":"The University of New South Wales","data":{"source":"ARC","name":"The University of New South Wales","state":"NSW","node_source":"ARC","node_type":"Institution"},"class":"Institution","self":"http://localhost:7474/db/data/node/89069","size":1}],"class":"Grant","self":"http://localhost:7474/db/data/node/101943","size":1}],"class":"Researcher","self":"http://localhost:7474/db/data/node/141449","size":1}