{"index":{"Michael Lee":"141334.json","Emma Hine":"141271.json","Brendan McMorran":"141367.json","Cynthia Riginos":"141473.json","Christofer Clemente":"141164.json","Sarah Pryke":"141449.json","Robin Beck":"141080.json","Daniel Schmidt":"141512.json","Mike Gardner":"141239.json","Luciano Beheregaray":"141083.json","Jonathan Evans":"141214.json","Angela Eads":"141196.json","Michael Kasumovic":"141310.json","David Reser":"141463.json","Kathy Belov":"141087.json","Moyez Jiwa":"141303.json","Conrad Hoskin":"141289.json","Mark Dowton":"141193.json","Mark Blows":"141105.json","John Pandolfi":"141427.json","Sam Banks":"141069.json","Charles Price":"141443.json","marcus chen":"141156.json","Kathryn McNamara":"141370.json","Marcel Cardillo":"141145.json"},"legend":{"Grant":"#FF4D4D","Dataset":"#123456","Publication":"#666666","Institution":"#0066FF","Researcher":"#336699"},"select":"Researcher: ","comments":"Only 50 HNMRC, 25 ARC and 25 Web Researcher has been selected. Click on node to view it's parameters. Double click on it to collapse or expand."}